date,article_sentiment,reader_sentiment,article_emotion_intensity,reader_emotion_intensity,open,high,low,close,volume,adjusted,r,volatility,intra_day_chg,downside_risk,var1pct,lnvol_chg,amihud_ratio,amihud_zscore,illiq,hl_spread,zero_return_flag,typical_price,vwap_proxy,vwap_cum,rolls_measure,dollar_volume,kyle_lambda_proxy,amihud_impact_proxy,turnover_ratio,shares_outstanding,rolls_measure_rolling,rolls_measure_strict,rolls_measure_window,rolls_measure_min_periods,volume_zero_flag,adjusted_close,daily_return
2024-01-09,1.0,1.0,0.3824666666666667,0.36197,171.6199951,171.7899933,170.1000061,170.6600037,9923600.0,166.8459015,-0.007937475,0.1475918308947379,0.009874881,0.0991163600015515,0.035926934,-0.082751296,7.97e-10,-0.163853469,4.670501,0.0098861458537297,0,170.8500010333333,170.8500010333333,125.83937374595637,1.2646135947446695,1693561612.71732,7.998584183159334e-10,4.686853398421283e-12,0.0036483823529411,2720000000.0,0.7793541591280316,1.2646135947446695,252,126,0,166.8459015,-0.007906056755116131
2024-01-11,0.0,0.0,0.2244,0.21223999999999998,170.3300018,170.3600006,168.6399994,170.3000031,11919500.0,166.4939423,-0.00421898,0.1459023162202308,0.010098941,0.0994710666816957,0.035926934,0.1536359,3.53e-10,-0.824417299,4.362517,0.0101474997050148,0,169.7666677,169.7666677,125.8945602175136,1.2646135947446695,2029890886.95045,3.5395612232056713e-10,2.0784269869491687e-12,0.004382169117647,2720000000.0,0.7606793082943832,1.2646135947446695,252,126,0,166.4939423,-0.004210092145036759
2024-01-12,0.0,0.0,0.3234452380952381,0.26587976190476187,173.8000031,176.3099976,168.8999939,169.0500031,19429200.0,165.2718811,0.006094786,0.1674737699209559,0.016508701,0.0874492326090994,0.01925509,-0.309079948,3.78e-10,-0.787820351,4.254257,0.0429304126905608,0,171.4199982,171.4199982,125.94566920240229,1.2646135947446695,3284506320.23052,3.7917382084697257e-10,2.2429684347457584e-12,0.0071430882352941,2720000000.0,0.7577667697331838,1.2646135947446695,252,126,0,165.2718811,-0.007339973954115342
2024-01-16,-0.5,-0.5,0.36775416666666666,0.346975,164.8699951,168.0899963,164.3000031,167.9900055,17206400.0,164.2355652,-0.006290112,0.1454617317075754,0.022772296,0.0987768438645865,0.035926934,0.300878223,3.64e-10,-0.807719578,4.152185,0.0228044959646279,0,166.79333496666666,166.79333496666666,125.98624003279976,1.2646135947446695,2890503230.6352,3.6556816068439645e-10,2.176130416784804e-12,0.0063258823529411,2720000000.0,0.7386214577076348,1.2646135947446695,252,126,0,164.2355652,-0.006270370332222219
2024-01-17,0.0,0.0,0.30158611111111105,0.2677861111111111,167.3399963,169.0700073,166.4900055,167.0899963,11107500.0,163.3556824,-0.005371846,0.1456948510306212,0.015429249,0.0990045511621382,0.035926934,-0.270405051,4.82e-10,-0.632099433,4.102788,0.0153772899128938,0,167.55000303333333,167.55000303333333,126.01287238053334,1.2646135947446695,1855952133.90225,4.83623317578213e-10,2.89438822363666e-12,0.0040836397058823,2720000000.0,0.7167080467605942,1.2646135947446695,252,126,0,163.3556824,-0.005357443735944156
2024-01-18,0.5,0.0,0.384285,0.33094999999999997,167.1199951,167.5299988,165.2400055,167.4199982,9382300.0,163.6783142,0.001973079,0.1405019682608163,0.013690401,0.0932451178024631,0.035834374,-0.463586062,2.11e-10,-1.036975439,3.950269,0.0137632194633474,0,166.73000083333332,166.73000083333332,126.03489808135376,1.2646135947446695,1570784649.11186,2.1029800795114203e-10,1.2561104420746677e-12,0.003449375,2720000000.0,0.6348746701538279,1.2646135947446695,252,126,0,163.6783142,0.001975026489803744
2024-01-25,0.5,0.5,0.3026566666666667,0.2691875,172.3099976,172.9900055,170.9100037,172.9400024,8873500.0,169.0749512,0.014209504,0.1152956887095919,0.01204925,0.048103097485764,0.011314434,-0.221164923,1.61e-09,1.051693615,4.482624,0.0120965498363237,0,172.28000386666668,172.28000386666668,126.16993376745224,1.2646135947446695,1534583111.2964,1.6013415225108471e-09,9.259520644662872e-12,0.0032623161764705,2720000000.0,0.8258555351531593,1.2646135947446695,252,126,0,169.0749512,0.01431093891472246
2024-01-26,1.0,1.0,0.52345,0.3140333333333334,172.6100006,173.0599976,171.7799988,172.2799988,7443000.0,168.4296875,-0.004252338,0.1653411414296445,0.008511014,0.1010644855815081,0.025551925,0.05127293,5.13e-10,-0.586776612,4.409207,0.0074237258633727,0,172.37333173333332,172.37333173333332,126.18969211180551,1.2646135947446695,1282280031.0684,5.137359935509875e-10,2.981982802004684e-12,0.0027363970588235,2720000000.0,0.8472940012315805,1.2646135947446695,252,126,0,168.4296875,-0.003816435819855468
2024-01-30,0.0,0.0,0.26089999999999997,0.24080000000000001,172.8300018,176.7599945,172.8300018,176.2700043,10822100.0,172.3305206,0.020287274,0.1183296058155171,0.022514996,0.0487050850004256,0.011314434,0.263685583,1.89e-09,1.470222459,4.692659,0.0224834391235125,0,175.28666686666668,175.28666686666668,126.23863443659629,1.2646135947446695,1907611613.53503,1.8746152779959527e-09,1.0634907994927374e-11,0.0039787132352941,2720000000.0,0.8444677490931608,1.2646135947446695,252,126,0,172.3305206,0.020494459083873817
2024-01-31,0.5,0.5,0.6075937499999999,0.5158041666666666,176.1999969,178.3000031,174.3399963,174.3600006,11521800.0,170.4632111,-0.010894762,0.1187670484738891,0.022592462,0.0535789868218184,0.011326674,0.300950521,9.4e-10,0.050266469,4.753459,0.0224592037587214,0,175.66666666666666,175.66666666666666,126.27130009382311,1.2646135947446695,2008941054.91308,9.455781214740752e-10,5.423136718399824e-12,0.0042359558823529,2720000000.0,0.903440709151486,1.2646135947446695,252,126,0,170.4632111,-0.010835628497486316
2024-02-01,0.0,-0.3333333333333333,0.2431888888888889,0.20275500000000002,173.6399994,174.8399963,171.4299927,173.7299957,9354800.0,169.8472748,-0.003619853,0.1186233071832045,0.019633265,0.0540901270008432,0.011326674,0.017825332,3.86e-10,-0.775202331,4.623701,0.0196956346684724,0,173.33332823333333,173.33332823333333,126.29653896478088,1.2646135947446695,1625209363.77436,3.8695140462650174e-10,2.2273148805845618e-12,0.0034392647058823,2720000000.0,0.8823154563180439,1.2646135947446695,252,126,0,169.8472748,-0.003613309264945519
2024-02-06,1.0,1.0,0.5087333333333334,0.35921875000000003,174.6100006,175.8699951,173.7599945,175.1000061,6764800.0,171.1866608,0.003432516,0.1184920918282603,0.012067145,0.0541482811216417,0.011326674,-0.321084224,5.08e-10,-0.593441857,4.339704,0.0120699062595516,0,174.90999856666667,174.90999856666667,126.3606061490227,1.2646135947446695,1184516521.26528,5.074083491012299e-10,2.89782028226457e-12,0.0024870588235294,2720000000.0,0.8797659899207733,1.2646135947446695,252,126,0,171.1866608,0.003438414239639087
2024-02-13,0.0,-1.0,0.2625,0.321975,175.3200073,176.2299957,172.6199951,174.2599945,8397600.0,170.3654327,-0.012428491,0.1610878777318768,0.016225937,0.105066457346938,0.025608028,0.58341946,1.04e-09,0.193255456,4.119242,0.020696578444628,0,174.3699951,174.3699951,126.461735234781,1.2646135947446695,1463365729.8132,1.040980994569877e-09,5.973723329653136e-12,0.0030873529411764,2720000000.0,0.907354827394745,1.2646135947446695,252,126,0,170.3654327,-0.008703643691253427
2024-02-15,0.0,0.0,0.56934,0.4031166666666667,176.1499939,180.2100067,176.1499939,179.8699951,8723400.0,175.8500519,0.021579854,0.1183448132623473,0.02280778,0.0564538465047905,0.011326674,0.141475902,2.5e-09,2.374218249,4.957472,0.0227860185944786,0,178.74333190000002,178.74333190000002,126.50752761181872,1.2646135947446695,1569077915.25534,2.473789348189926e-09,1.3753207403016856e-11,0.0032071323529411,2720000000.0,0.8901324654043092,1.2646135947446695,252,126,0,175.8500519,0.021814383730457854
2024-02-16,-0.3333333333333333,-0.6666666666666666,0.2409083333333333,0.31750833333333334,179.6100006,179.9799957,178.1600037,179.0299988,8148100.0,175.0288391,-0.004680899,0.1193199293796086,0.010149409,0.0572630964065767,0.011326674,-0.003815688,5.73e-10,-0.496841151,4.854466,0.0101635785058862,0,179.05666606666668,179.05666606666668,126.53195681513937,1.2646135947446695,1458754333.2222798,5.744773628207803e-10,3.2088329702920174e-12,0.002995625,2720000000.0,0.922681845528187,1.2646135947446695,252,126,0,175.0288391,-0.004669960521063721
2024-02-21,0.0,0.0,0.24259999999999995,0.3972,179.9499969,180.9900055,178.5200043,180.8999939,7027900.0,176.8570557,0.000765156,0.1624895330588006,0.010236777,0.10898378081515,0.025608028,-0.141697899,9.26e-10,0.029186905,4.758264,0.0137409314493027,0,180.13666790000002,180.13666790000002,126.58263801326532,1.2646135947446695,1271347067.12981,9.232915949287835e-10,5.103878529919529e-12,0.0025837867647058,2720000000.0,0.9111316946727098,1.2646135947446695,252,126,0,176.8570557,0.006509899807999764
2024-02-22,0.0,0.0,0.23229999999999998,0.25556666666666666,181.8200073,183.4199982,181.2400055,183.0700073,9296500.0,178.9785614,0.011924219,0.1205343651029339,0.011948766,0.0571027413648023,0.011326674,0.102376988,1.29e-09,0.571423834,4.920326,0.0119563027361424,0,182.5766703333333,182.5766703333333,126.61229349615688,1.2646135947446695,1701910322.86445,1.282656806324961e-09,7.006373273493397e-12,0.0034178308823529,2720000000.0,0.8887021069140012,1.2646135947446695,252,126,0,178.9785614,0.011995595491528954
2024-02-23,0.5,0.5,0.38,0.27456250000000004,183.8099976,185.1999969,183.1900024,183.9900055,7105800.0,179.8779755,0.005012677,0.1200939046191312,0.010929823,0.056910911217556,0.011326674,-0.18327865,7.07e-10,-0.297143592,4.87133,0.0109123184875773,0,184.12666826666668,184.12666826666668,126.63556676531448,1.2646135947446695,1307396181.0819,7.054345745728842e-10,3.834091817410616e-12,0.0026124264705882,2720000000.0,0.9047997511218728,1.2646135947446695,252,126,0,179.8779755,0.005025261645666523
2024-02-26,0.6666666666666666,0.6666666666666666,0.459325,0.29231111111111113,183.75,184.4600067,182.4799957,183.3600006,7145400.0,179.2620544,-0.00342998,0.1208272365110163,0.010787017,0.0573433851405219,0.011326674,-0.146715746,4.79e-10,-0.636750586,4.752909,0.0107920149727454,0,183.43333433333336,183.43333433333336,126.6586687419363,1.2646135947446695,1310180548.28724,4.800263106334143e-10,2.6179445302282272e-12,0.0026269852941176,2720000000.0,0.900632107340644,1.2646135947446695,252,126,0,179.2620544,-0.0034241051373183895
2024-02-27,0.0,0.0,0.35509999999999997,0.26280000000000003,183.3099976,183.5399933,182.2400055,183.4499969,5717100.0,179.3500671,0.000478131,0.1629722101446781,0.012799929,0.1087140864349745,0.025608028,0.081435418,8.59e-11,-1.222607779,4.51298,0.0071080310802384,0,183.07666523333333,183.07666523333333,126.67702328020962,1.2646135947446695,1048801977.27699,8.585681551835721e-11,4.680120848688725e-13,0.002101875,2720000000.0,0.9077232294422996,1.2646135947446695,252,126,0,179.3500671,0.0004909722824195661
2024-02-29,0.0,1.0,0.832,0.46595,185.6600037,186.4299927,183.8500061,186.0599976,9643000.0,181.9017334,0.009070371,0.1203075140065765,0.013881344,0.0573433851405219,0.011326674,0.390595142,9.45e-10,0.05689481,4.572035,0.0139353279051593,0,185.44666546666667,185.44666546666667,126.7292891333631,1.2646135947446695,1794176556.8568,9.406171315980503e-10,5.055450627384349e-12,0.0035452205882352,2720000000.0,0.916002850261616,1.2646135947446695,252,126,0,181.9017334,0.009111631448885271
2024-03-01,0.0,0.0,0.22240833333333332,0.19640333333333335,185.6999969,186.4400024,185.1000061,185.2899933,6311800.0,181.1489258,-0.004147128,0.1208162742041439,0.007223895,0.0579698045200899,0.011326674,-0.125987821,6.56e-10,-0.37388616,4.530057,0.0072132005670662,0,185.6100006,185.6100006,126.75041092743687,1.2646135947446695,1169513379.71094,6.570436325612345e-10,3.546028691886377e-12,0.0023205147058823,2720000000.0,0.9200856735052216,1.2646135947446695,252,126,0,181.1489258,-0.00413854000140057
2024-03-05,0.5,1.0,0.4943166666666667,0.4980666666666667,186.3600006,189.3000031,186.3600006,188.5500031,6617800.0,184.3360748,0.009967354,0.11862671869356,0.015683777,0.053774730351708,0.011326674,-0.096397563,1.51e-09,0.904087016,4.844902,0.0156524648407758,0,188.07000226666665,188.07000226666665,126.79729551920784,1.2646135947446695,1247786210.51518,1.5061431291365711e-09,7.988030253904415e-12,0.0024330147058823,2720000000.0,0.8942379204449441,1.2646135947446695,252,126,0,184.3360748,0.010017193325422946
2024-03-08,0.0,0.0,0.13848333333333332,0.13836666666666667,188.4400024,190.4600067,187.9199982,188.2200012,6166800.0,184.0134583,0.001861343,0.1201009048104974,0.01348701,0.0567164711504629,0.011326674,-0.157418623,3.02e-10,-0.900525287,4.712129,0.0134257015017021,0,188.8666687,188.8666687,126.87234844416848,1.2646135947446695,1160715103.40016,3.0183287928909636e-10,1.6036174549184756e-12,0.0022672058823529,2720000000.0,0.9498489744032618,1.2646135947446695,252,126,0,184.0134583,0.0018630769529748292
2024-03-12,0.0,0.0,0.673975,0.27260416666666665,188.9499969,190.1600037,187.9100037,189.8399963,5708400.0,185.5972443,0.008198321,0.1200699526099158,0.011879934,0.0567164711504629,0.011326674,-0.172060451,1.44e-09,0.797460777,4.681072,0.011902557494435,0,189.30333456666668,189.30333456666668,126.91240217248078,1.2646135947446695,1083682634.87892,1.4361854460093895e-09,7.56524164560042e-12,0.0020986764705882,2720000000.0,0.825566099903708,1.2646135947446695,252,126,0,185.5972443,0.008232019418215497
2024-03-14,-0.6,-1.0,0.3994323333333333,0.357349,191.0299988,191.6300049,187.1000061,187.9700012,10310900.0,183.769043,-0.017978585,0.1233035012304728,0.023905007,0.0676337347622518,0.017733079,0.48343661,1.73e-09,1.223425051,5.026372,0.0239220482582775,0,188.90000406666664,188.90000406666664,126.97687677069024,1.2646135947446695,1938139885.37308,1.743648469095811e-09,9.27620608588798e-12,0.0037907720588235,2720000000.0,0.7010758639478815,1.2646135947446695,252,126,0,183.769043,-0.01781793475714899
2024-03-15,0.0,-1.0,0.2985,0.2495,186.4799957,190.9400024,186.4799957,190.3000031,17208100.0,186.0469666,0.012339507,0.1487254834832411,0.019464393,0.1046571367720331,0.025608028,0.225801256,7.2e-10,-0.277588983,4.967158,0.0236341832571272,0,189.2400004,189.2400004,127.03748804178528,1.2646135947446695,3274701483.34511,7.159059977568704e-10,3.761986264291713e-12,0.0063265073529411,2720000000.0,0.5569960857017323,1.2646135947446695,252,126,0,186.0469666,0.012395578508834992
2024-03-18,-0.3333333333333333,-0.3333333333333333,0.32377000000000006,0.438075,190.6300049,192.6999969,189.8899994,192.6600037,9013800.0,188.3542328,0.012325257,0.124434785959713,0.014662514,0.0676337347622518,0.017733079,-0.12907935,1.38e-09,0.69878018,5.110062,0.0146893412121346,0,191.75,191.75,127.0704690817036,1.2646135947446695,1736598741.3510602,1.367376356253744e-09,7.097354562408036e-12,0.0033138970588235,2720000000.0,0.1788670008694829,1.2646135947446695,252,126,0,188.3542328,0.012401525497379495
2024-03-19,1.0,1.0,0.5724,0.5085583333333333,192.7100067,193.9299927,192.3800049,193.7899933,8478700.0,189.4589691,0.005848072,0.1213612636576842,0.008020635,0.0635130633525684,0.017716484,-0.267771802,6.92e-10,-0.320153175,5.031724,0.008024580309231,0,193.36666363333333,193.36666363333333,127.1022362049534,1.2646135947446695,1643087216.19271,6.89736870039039e-10,3.5591975534633505e-12,0.003117169117647,2720000000.0,,1.2646135947446695,252,126,0,189.4589691,0.005865205594678846
2024-03-20,-0.3333333333333333,-0.3333333333333333,0.32207777777777774,0.23949999999999996,194.1900024,196.5599976,193.6100006,196.3300018,9367000.0,191.9421844,0.013021725,0.1230416493529193,0.015108045,0.0635130633525684,0.017716484,-0.183430777,1.4e-09,0.733668896,5.177321,0.0151215983474353,0,195.5,195.5,127.13842487307356,1.2646135947446695,1839023126.8606,1.3901702786377704e-09,7.080783710550401e-12,0.00344375,2720000000.0,,1.2646135947446695,252,126,0,191.9421844,0.01310687644821562
2024-03-27,1.0,1.0,0.7651,0.341,196.5,199.6000061,196.3800049,199.5200043,8725800.0,195.0608978,0.006060075,0.1435699893827417,0.010238125,0.1113601228448987,0.025608028,0.285534756,2.22e-09,1.954821649,5.737759,0.0162634532579979,0,198.5000051,198.5000051,127.30683551175152,1.2646135947446695,1740971653.52094,2.197893259070801e-09,1.1015904228660852e-11,0.0032080147058823,2720000000.0,,1.2646135947446695,252,126,0,195.0608978,0.019363463510573276
2024-03-28,0.5,0.75,0.5895458333333333,0.3809166666666667,199.4900055,200.7200012,198.5399933,200.3000031,8628300.0,195.8234558,0.003901711,0.1334449476653499,0.010905765,0.0708570876265578,0.017769715,0.094116856,4.53e-10,-0.675658305,5.543252,0.0109202420980347,0,199.8533325333333,199.8533325333333,127.34209017594092,1.2646135947446695,1728248516.74773,4.521992744804885e-10,2.257609922525701e-12,0.003172169117647,2720000000.0,,1.2646135947446695,252,126,0,195.8234558,0.0039093329754991135
2024-04-01,0.3333333333333333,0.16666666666666666,0.4323472222222222,0.30459166666666665,199.9900055,200.9400024,198.5700073,198.9400024,7309000.0,194.493866,-0.006812893,0.1340747045366686,0.011881759,0.0716626570426514,0.017769715,-0.088320548,9.29e-10,0.033152007,5.55234,0.0118645092360999,0,199.48333736666663,199.48333736666663,127.37177522452843,1.2646135947446695,1454052477.5416,9.321238199480094e-10,4.685451938790212e-12,0.0026871323529411,2720000000.0,,1.2646135947446695,252,126,0,194.493866,-0.006789737187346767
2024-04-02,1.0,1.0,0.57965,0.397,198.3899994,199.7799988,198.0800018,198.8600006,7014700.0,194.4156647,-0.000402157,0.1339489539594943,0.008558827,0.0716673962236231,0.017769715,-0.087501299,5.73e-11,-1.265145963,5.252986,0.00854570450629,0,198.90666706666664,198.90666706666664,127.40001438015494,1.2646135947446695,1394943246.20882,5.7330605727971256e-11,2.8829631678061684e-13,0.0025789338235294,2720000000.0,,1.2646135947446695,252,126,0,194.4156647,-0.00040207591945340404
2024-04-03,0.5,0.5,0.32062708333333334,0.40919583333333337,199.0399933,199.5599976,197.6999969,198.3000031,9353400.0,193.8681793,0.01490784,0.1445709063413756,0.03554809,0.1114623654386373,0.025608028,1.145566159,3.01e-10,-0.902075876,5.044928,0.0093641480428505,0,198.5199992,198.5199992,127.4374303753788,1.2646135947446695,1854779248.99554,3.014976372228281e-10,1.5204116616719713e-12,0.00343875,2720000000.0,,1.2646135947446695,252,126,0,193.8681793,-0.0028160560047710836
2024-04-04,0.6666666666666666,0.6666666666666666,0.33675000000000005,0.3761777777777778,199.1499939,199.6799927,195.5500031,195.6499939,9243800.0,192.3931274,-0.007637623,0.1355886425678784,0.020921934,0.0735238595959594,0.017769715,0.135013019,8.23e-10,-0.124526221,5.007078,0.0208991708316083,0,196.95999656666663,196.95999656666663,127.47355860899164,1.2646135947446695,1808549413.61282,8.262427789437242e-10,4.223065702552646e-12,0.0033984558823529,2720000000.0,,1.2646135947446695,252,126,0,192.3931274,-0.007608530215355569
2024-04-05,0.0,0.0,0.22376666666666667,0.2644,196.1600037,198.1199951,195.1100006,197.4499969,6531000.0,194.1631775,0.009158109,0.1346457464823117,0.015294299,0.0717017656024503,0.017769715,-0.231253282,1.41e-09,0.74771776,5.143165,0.0153090788236631,0,196.89333086666667,196.89333086666667,127.4990371079138,1.2646135947446695,1289545929.7539,1.4022521819016992e-09,7.101809085425716e-12,0.0024011029411764,2720000000.0,,1.2646135947446695,252,126,0,194.1631775,0.009200173228225195
2024-04-08,0.0,-0.2,0.20814933333333335,0.22718566666666665,197.6199951,198.9799957,197.6199951,198.4799957,8001000.0,195.1760254,0.005202919,0.1347521316086464,0.006866956,0.0717017656024503,0.017769715,-0.004330691,6.52e-10,-0.379404435,5.044304,0.0068582986966623,0,198.3599955,198.3599955,127.53088399834944,1.2646135947446695,1588038445.5957,6.50283589551306e-10,3.2763180352653853e-12,0.002941544117647,2720000000.0,,1.2646135947446695,252,126,0,195.1760254,0.005216477774216521
2024-04-09,-0.3333333333333333,-0.6666666666666666,0.4544472222222222,0.3185033333333333,198.0700073,198.8800049,194.9100037,197.1499939,7358600.0,193.8681641,-0.011041399,0.1386046713415576,0.014427355,0.1116869013423051,0.025608028,-0.509612868,9.11e-10,0.005849939,5.070425,0.0201630367114397,0,196.9800008333333,196.9800008333333,127.55957846714338,1.2646135947446695,1450747945.11254,9.136906476775471e-10,4.634494932528362e-12,0.0027053676470588,2720000000.0,,1.2646135947446695,252,126,0,193.8681641,-0.00670093213200551
2024-04-10,0.0,0.0,0.37186666666666673,0.260825,195.5500031,197.0700073,194.1799927,195.4700012,7681400.0,192.2161255,-0.008557969,0.1357644540290512,0.014781927,0.0730472528063939,0.017769715,-0.013217134,1.11e-09,0.301866216,5.128382,0.0147732375718848,0,195.57333373333336,195.57333373333336,127.58889996362862,1.2646135947446695,1501483267.2176802,1.11411578618481e-09,5.6996765710605106e-12,0.002824044117647,2720000000.0,,1.2646135947446695,252,126,0,192.2161255,-0.008521453781074939
2024-04-12,0.05263157894736842,-0.21052631578947367,0.3225425438596491,0.24929973684210527,188.3200073,188.9299927,182.5399933,182.7899933,31506200.0,179.7472076,-0.066864339,0.194625142106034,0.034437226,0.1543574774020628,0.065055566,1.334570609,2.05e-09,1.707205979,5.265168,0.0344038530208468,0,184.7533264333333,184.7533264333333,127.72805636581664,1.2646135947446695,5759018086.90846,2.122259713961061e-09,1.1610371419391379e-11,0.0115831617647058,2720000000.0,,1.2646135947446695,252,126,0,179.7472076,-0.06467792036894926
2024-04-15,0.25,0.25,0.5246895833333334,0.2548916666666666,184.5,187.4600067,182.1999969,182.8899994,14766600.0,179.8455505,0.000546968,0.1946350449009121,0.028634474,0.1543574774020628,0.065055566,0.041172015,3.71e-11,-1.295335049,4.977258,0.0284586363078204,0,184.1833343333333,184.1833343333333,127.77469665762924,1.2646135947446695,2700663465.14004,3.704088957512224e-11,2.0253097324424965e-13,0.0054288970588235,2720000000.0,,1.2646135947446695,252,126,0,179.8455505,0.0005471178179237146
2024-04-16,0.5,0.5,0.337575,0.22333749999999997,182.8999939,183.1600037,179.6499939,180.8000031,16451800.0,177.7903442,-0.011493415,0.1937197988584982,0.019301676,0.1561443079367598,0.065055566,0.026411264,6.95e-10,-0.315901613,4.928875,0.0193490246863032,0,181.20333356666663,181.20333356666663,127.82382862571484,1.2646135947446695,2974485491.00058,6.986113981448839e-10,3.864001029681862e-12,0.0060484558823529,2720000000.0,,1.2646135947446695,252,126,0,177.7903442,-0.011427618277384144
2024-04-17,0.0,0.0,0.3005,0.17164,181.3699951,182.4199982,179.1999969,180.0800018,9017100.0,177.0823212,-0.003990299,0.1939426049118681,0.017817132,0.1563397635761921,0.065055566,-0.703154223,4.42e-10,-0.692696059,4.79511,0.0178087569472455,0,180.5666656333333,180.5666656333333,127.85039841940008,1.2646135947446695,1623799384.23078,4.4252575661798123e-10,2.4573842303125826e-12,0.0033151102941176,2720000000.0,,1.2646135947446695,252,126,0,177.0823212,-0.0039823478782600175
2024-04-18,0.5,0.5,0.46699999999999997,0.30124166666666663,181.1000061,183.3600006,179.9700012,181.25,9557700.0,178.2328339,0.006476035,0.1935966206233612,0.018711187,0.1557524968299334,0.065055566,-0.629430695,6.8e-10,-0.338006828,4.745236,0.0186607182627657,0,181.52666726666664,181.52666726666664,127.87904426774097,1.2646135947446695,1732333125.0,6.775725331408182e-10,3.738331217328653e-12,0.0035138602941176,2720000000.0,,1.2646135947446695,252,126,0,178.2328339,0.006497050028503981
2024-04-22,1.0,1.0,0.4771,0.23959999999999998,185.9900055,190.1300049,185.9799957,189.4100037,11529700.0,186.2570038,0.019243095,0.2004579654554968,0.022109798,0.1557524968299334,0.065055566,-0.048419624,1.69e-09,1.159520217,5.306166,0.022068060904414,0,188.5066681,188.5066681,127.96016324643853,1.2646135947446695,2183840519.65989,1.669002229025907e-09,8.811584374758697e-12,0.0042388602941176,2720000000.0,,1.2646135947446695,252,126,0,186.2570038,0.019429437357821433
2024-04-23,0.6666666666666666,0.6666666666666666,0.5253111111111112,0.4052138888888888,191.1300049,192.2299957,190.5200043,192.1399994,9144400.0,188.9415588,0.014310294,0.2017754906518209,0.008923169,0.1555552384757541,0.065055566,-0.172973121,1.58e-09,0.99718178,5.489336,0.0089352914435008,0,191.6299998,191.6299998,127.9926113929551,1.2646135947446695,1757005010.51336,1.5649243252701102e-09,8.144708702804913e-12,0.0033619117647058,2720000000.0,,1.2646135947446695,252,126,0,188.9415588,0.014413176123474036
2024-04-24,0.0,-1.0,0.3557,0.3159333333333334,190.5299988,193.2299957,190.1699982,193.0800018,6964900.0,189.865921,0.004880389,0.2018610745444816,0.01595369,0.1555552384757541,0.065055566,-0.448154731,7.02e-10,-0.304264655,5.391716,0.0159624285273103,0,192.15999856666667,192.15999856666667,128.0175092311566,1.2646135947446695,1344782904.53682,7.007119987365215e-10,3.6291277822876097e-12,0.002560625,2720000000.0,,1.2646135947446695,252,126,0,189.865921,0.00489231805787349
2024-04-25,0.0,0.0,0.33149999999999996,0.33089999999999997,192.25,193.9400024,191.1799927,193.3699951,9802300.0,190.1510773,0.001500756,0.1982732076881733,0.014314661,0.1555552384757541,0.065055566,-0.045128837,1.53e-10,-1.122306002,5.130709,0.0143332454046345,0,192.82999673333333,192.82999673333333,128.0528830528444,1.2646135947446695,1895470702.9687304,1.5310243514277262e-10,7.91759006166374e-13,0.0036037867647058,2720000000.0,,1.2646135947446695,252,126,0,190.1510773,0.0015018824784254203
2024-04-26,1.0,1.0,0.5798,0.32297333333333333,193.5700073,194.8699951,193.0599976,193.4900055,6413700.0,190.2690887,0.000620427,0.1965895123970251,0.009352542,0.1539445019911228,0.065055566,-0.378043685,9.68e-11,-1.206391926,4.869742,0.0093315677264466,0,193.80666606666668,193.80666606666668,128.0763561082875,1.2646135947446695,1240986848.27535,9.673464614808923e-11,4.999464747448635e-13,0.0023579779411764,2720000000.0,,1.2646135947446695,252,126,0,190.2690887,0.0006206191501814118
2024-04-29,-1.0,-1.0,0.41577500000000006,0.35756,193.4799957,194.2599945,192.4299927,193.2799988,5387800.0,190.0625763,-0.00108596,0.1963616880154599,0.009463243,0.153781756985316,0.065055566,-0.405418706,2.01e-10,-1.050464215,4.655736,0.0094649557039266,0,193.3233286666667,193.3233286666667,128.0959166938552,1.2646135947446695,1041353977.53464,2.0155907791677487e-10,1.0428346397360125e-12,0.0019808088235294,2720000000.0,,1.2646135947446695,252,126,0,190.0625763,-0.0010853702060118486
2024-04-30,0.0,0.0,0.42715000000000003,0.4283,192.8099976,194.9900055,191.6399994,191.7400055,8153700.0,188.548233,-0.007999515,0.1972090447930926,0.017422994,0.154653148013478,0.065055566,0.13245446,9.77e-10,0.104976495,4.696461,0.0173292608309924,0,192.79000346666663,192.79000346666663,128.12525481804454,1.2646135947446695,1563390482.84535,9.810901799183194e-10,5.11677350462118e-12,0.0029976838235294,2720000000.0,,1.2646135947446695,252,126,0,188.548233,-0.00796760377282113
2024-05-01,-0.3333333333333333,-0.3333333333333333,0.3731361111111111,0.2707472222222222,192.2700043,194.4600067,190.7899933,191.8600006,7445300.0,188.666214,0.000625538,0.1971259746586959,0.019108184,0.1546295855085928,0.065055566,0.000796121,8.4e-11,-1.225339135,4.457486,0.0190526328358209,0,192.3700002,192.3700002,128.15184694292773,1.2646135947446695,1428455262.46718,8.401783675607431e-11,4.3791220938875734e-13,0.0027372426470588,2720000000.0,,1.2646135947446695,252,126,0,188.666214,0.0006257337877040303
2024-05-02,1.0,1.0,0.58195,0.3651666666666667,193.0700073,193.5,189.5200043,191.6600037,6501700.0,188.4695587,0.004918333,0.157758839780529,0.008447884,0.1238855034929466,0.036101567,-0.098949721,1.6e-10,-1.111728354,4.256784,0.0207821818981687,0,191.5600026666667,191.5600026666667,128.17475816864663,1.2646135947446695,1246115846.05629,1.6040251011273975e-10,8.369117552758336e-13,0.0023903308823529,2720000000.0,,1.2646135947446695,252,126,0,188.4695587,-0.0010423450803969114
2024-05-03,1.0,1.0,0.5031599999999999,0.27607249999999994,192.0,192.5299988,188.4600067,190.5099945,8922800.0,187.3386993,-0.006018297,0.1977742522597295,0.021280448,0.1551354256215988,0.065055566,0.261136424,6.72e-10,-0.348897466,4.228491,0.0213653483883843,0,190.5,190.5,128.20564875143108,1.2646135947446695,1699882578.9246,6.744852512664183e-10,3.540419246961967e-12,0.0032804411764705,2720000000.0,,1.2646135947446695,252,126,0,187.3386993,-0.006000223101281121
2024-05-06,-1.0,-1.0,0.3415333333333333,0.3882666666666667,191.7299957,192.1999969,189.8200073,192.0,7911100.0,188.803894,0.007790674,0.1979024434439025,0.012404501,0.1549601134319657,0.065055566,0.019816216,9.89e-10,0.12202694,4.295954,0.0124600260396521,0,191.3400014,191.3400014,128.23338021388278,1.2646135947446695,1518931200.0,9.847775909797626e-10,5.129049953019597e-12,0.0029084926470588,2720000000.0,,1.2646135947446695,252,126,0,188.803894,0.007821099994153702
2024-05-07,-1.0,-1.0,0.54905,0.532775,191.6999969,192.9299927,191.6499939,191.75,7688800.0,188.5580597,-0.00130291,0.1979922915890971,0.006676223,0.1549831170405787,0.065055566,-0.000835282,1.69e-10,-1.098283532,4.109279,0.006656606399705,0,192.1099955333333,192.1099955333333,128.26063766647354,1.2646135947446695,1474327400.0,1.6945557174071375e-10,8.837317952579599e-13,0.0028267647058823,2720000000.0,,1.2646135947446695,252,126,0,188.5580597,-0.0013020615983694306
2024-05-08,1.0,1.0,0.3,0.55,191.0,196.6499939,191.0,195.6499939,9227600.0,192.3931274,0.018082173,0.1636089259278721,0.01850092,0.1222052231861284,0.036101567,0.271456157,2.2e-09,1.93253188,4.549191,0.0291499754361275,0,194.43332926666668,194.43332926666668,128.2945088218389,1.2646135947446695,1805379883.71164,2.182024470068057e-09,1.1152693780217169e-11,0.0033925,2720000000.0,,1.2646135947446695,252,126,0,192.3931274,0.02033892216594535
2024-05-09,0.0,0.0,0.8653,0.25553333333333333,195.1699982,197.5899963,195.1000061,197.5,7977300.0,194.2123413,0.009411286,0.2008261883995035,0.012682355,0.1539441806116637,0.065055566,-0.056094937,1.19e-09,0.415015998,4.647351,0.0126817091587865,0,196.7300008,196.7300008,128.32477848818493,1.2646135947446695,1575516750.0,1.1797583142165896e-09,5.973459818818175e-12,0.0029328308823529,2720000000.0,,1.2646135947446695,252,126,0,194.2123413,0.009455711462175609
2024-05-13,-1.0,-1.0,0.46496000000000004,0.5398,198.8000031,199.8500061,198.0399933,198.7299957,7049200.0,195.4218597,-0.000201351,0.1963183048760882,0.009106295,0.1539447336596559,0.065055566,-0.139674972,2.86e-11,-1.307981143,4.38618,0.0090980562604208,0,198.8733317,198.8733317,128.3817267960393,1.2646135947446695,1400887485.6884398,2.85636667990694e-11,1.4373102912047917e-13,0.0025916176470588,2720000000.0,,1.2646135947446695,252,126,0,195.4218597,-0.00020133150489076712
2024-05-20,0.3,0.3,0.34540683333333333,0.3236711666666666,204.3899994,205.8800049,195.3999939,195.5800018,17373300.0,192.324295,-0.04601556,0.2197064290693018,0.052403985,0.180278032487425,0.066092934,0.693780537,2.59e-09,2.505214935,4.963801,0.052232909845194,0,198.9533335333333,198.9533335333333,128.59129655182372,1.2646135947446695,3397870045.27194,2.64863670114486e-09,1.3542472015381995e-11,0.0063872426470588,2720000000.0,,1.2646135947446695,252,126,0,192.324295,-0.04497289831958273
2024-05-21,0.0,0.0,0.26066666666666666,0.17162,197.0,199.8999939,196.6000061,199.5200043,14420800.0,196.1987305,0.0013684,0.1596525636371359,0.007553829,0.1141457041751204,0.035976138,-0.660971285,1.4e-09,0.730246322,5.116816,0.0166455878940731,0,198.67333476666667,198.67333476666667,128.64708161718718,1.2646135947446695,2877238078.00944,1.383078123266393e-09,6.932027332892319e-12,0.0053017647058823,2720000000.0,,1.2646135947446695,252,126,0,196.1987305,0.020145325373479128
2024-05-23,-0.5,-0.5,0.3647766666666667,0.25145,197.8099976,198.3000031,196.0700073,196.9199982,8069400.0,193.6419983,-0.007033936,0.2238334781146133,0.011298841,0.1811462731131131,0.066092934,-0.447201746,8.69e-10,-0.056715174,5.000726,0.0113091550634805,0,197.0966695333333,197.0966695333333,128.71409637440692,1.2646135947446695,1589026233.47508,8.716801744863311e-10,4.4265700916827e-12,0.0029666911764705,2720000000.0,0.0689709406261227,1.2646135947446695,252,126,0,193.6419983,-0.007009256205846248
2024-05-24,1.0,1.0,0.5430666666666667,0.4208333333333334,197.75,200.7599945,197.5599976,200.7100067,7355400.0,197.3689117,0.019063541,0.2262190541022815,0.016061822,0.1811462731131131,0.066092934,-0.515967776,2.62e-09,2.546943635,5.49138,0.016067468183704,0,199.67666626666667,199.67666626666667,128.74286785410104,1.2646135947446695,1476302383.28118,2.591774886477962e-09,1.2913032733598934e-11,0.0027041911764705,2720000000.0,0.3631369926818296,1.2646135947446695,252,126,0,197.3689117,0.019246410555142424
2024-05-28,1.0,1.0,0.7281,0.5768500000000001,199.8600006,200.4100037,198.6600037,199.5,6910200.0,196.1790466,0.005067519,0.1556633710243675,0.010567635,0.1090196737810731,0.035976138,0.528766101,8.72e-10,-0.051049402,5.438278,0.0087703909968153,0,199.5233358,199.5233358,128.76981825442292,1.2646135947446695,1378584900.0,8.750659894069634e-10,4.386295686250444e-12,0.0025405147058823,2720000000.0,0.4595045345343416,1.2646135947446695,252,126,0,196.1790466,-0.006028634853135428
2024-05-29,1.0,1.0,0.49950000000000006,0.3612333333333333,198.0,198.9900055,196.8899994,198.1100006,6120000.0,194.8121948,-0.006991754,0.2267054083822723,0.010603146,0.1819357724586096,0.066092934,-0.260360625,1.14e-09,0.34520594,5.470475,0.0106093062241446,0,197.99666850000003,197.99666850000003,128.79315502411444,1.2646135947446695,1212433203.672,1.1424434640522875e-09,5.7667127383386e-12,0.00225,2720000000.0,0.4174111054609026,1.2646135947446695,252,126,0,194.8121948,-0.006967368960595244
2024-05-30,0.5,0.0,0.63515,0.39690000000000003,198.5599976,199.8500061,198.3999939,199.3300018,6829700.0,196.0118713,0.006139234,0.2262085740498133,0.007288508,0.1819357724586096,0.066092934,-0.040748782,9.02e-10,-0.007493735,5.42562,0.0072819193973634,0,199.1933339333333,199.1933339333333,128.81962946434354,1.2646135947446695,1361364113.29346,8.989024408099915e-10,4.509619388414573e-12,0.002510919117647,2720000000.0,0.4499443830311513,1.2646135947446695,252,126,0,196.0118713,0.006158118085121123
2024-05-31,0.5,1.0,0.5780000000000001,0.41552500000000003,199.3000031,203.3000031,198.3500061,202.6300049,14417900.0,199.2569427,0.016419936,0.228220027283981,0.024631139,0.1819357724586096,0.066092934,0.750985536,1.15e-09,0.359803071,5.448098,0.0246483101537048,0,201.42667136666668,201.42667136666668,128.8772248258741,1.2646135947446695,2921499147.64771,1.138857669979678e-09,5.620380212405937e-12,0.0053006985294117,2720000000.0,0.3872671013297146,1.2646135947446695,252,126,0,199.2569427,0.016555484004503684
2024-06-03,0.0,0.0,0.49475833333333336,0.3416361111111111,202.3099976,202.4199982,199.1900024,201.8200073,6444300.0,198.460434,-0.000126641,0.1560811538286725,0.00970719,0.1075355392723971,0.035976138,-0.02630494,6.2e-10,-0.426589869,5.319346,0.0160852359013691,0,201.14333596666663,201.14333596666663,128.90283799027893,1.2646135947446695,1300588673.0433898,6.21542448365222e-10,3.079686977918478e-12,0.0023692279411764,2720000000.0,0.3918251388335968,1.2646135947446695,252,126,0,198.460434,-0.003997394967558132
2024-06-04,0.0,-0.5,0.24110666666666664,0.24526750000000003,200.1600037,201.9799957,198.2799988,199.1600037,6848300.0,195.8447113,-0.013267699,0.2294540690532486,0.018531488,0.1832547524716951,0.066092934,-0.210518004,1.92e-09,1.516122276,5.604632,0.0184879675752856,0,199.80666606666668,199.80666606666668,128.929533715139,1.2646135947446695,1363907453.33871,1.937371172407751e-09,9.727712072781763e-12,0.0025177573529411,2720000000.0,0.4071258328813396,1.2646135947446695,252,126,0,195.8447113,-0.013180071449405362
2024-06-07,0.0,0.0,0.2739,0.18617999999999998,197.4299927,200.9199982,197.0099945,199.9499969,6964500.0,196.6215668,0.015320642,0.2314661696152316,0.019678916,0.1843406788248736,0.066092934,-0.049938188,2.22e-09,1.951325017,5.732313,0.0196517164914872,0,199.29332986666668,199.29332986666668,129.01656910734198,1.2646135947446695,1392551753.41005,2.1998193696604207e-09,1.1001847480700916e-11,0.0025604779411764,2720000000.0,0.1117685928488474,1.2646135947446695,252,126,0,196.6215668,0.015438605113835324
2024-06-10,0.5,0.5,0.377575,0.24712999999999996,199.2400055,200.8399963,198.4400024,199.6100006,6071200.0,196.2872314,-0.001701847,0.228253293050708,0.012034569,0.1806546049260128,0.066092934,-0.204815459,2.8e-10,-0.933350066,5.486287,0.0120216084342518,0,199.62999976666663,199.62999976666663,129.0401010932221,1.2646135947446695,1211872235.64272,2.803147647911451e-10,1.4043122285885365e-12,0.0022320588235294,2720000000.0,0.1854345481176443,1.2646135947446695,252,126,0,196.2872314,-0.0017004004466106837
2024-06-11,0.5,0.5,0.774125,0.39940833333333337,197.9100037,197.9400024,193.6000061,194.3600006,9235300.0,191.1246185,-0.026653385,0.233878330459823,0.022127597,0.1887320285356948,0.066092934,0.241080358,2.85e-09,2.891426072,6.073613,0.0221688522540857,0,195.30000303333333,195.30000303333333,129.07367318665976,1.2646135947446695,1794972913.54118,2.8860334802334523e-09,1.48489065204986e-11,0.0033953308823529,2720000000.0,,1.2646135947446695,252,126,0,191.1246185,-0.026301318038764676
2024-06-12,0.5,0.5,0.46745833333333336,0.37413928571428573,196.0,196.7200012,191.3099976,191.5299988,12751300.0,188.3417206,-0.014667693,0.2345535943976402,0.027920438,0.1911108885190892,0.066092934,0.533691253,1.14e-09,0.35032392,6.088766,0.0278844605660937,0,193.1866658666667,193.1866658666667,129.11849334913634,1.2646135947446695,2442256473.69844,1.150290009646075e-09,6.005795524737797e-12,0.0046879779411764,2720000000.0,,1.2646135947446695,252,126,0,188.3417206,-0.014560645937927608
2024-06-13,1.0,1.0,0.47679999999999995,0.41009999999999996,192.3200073,194.5800018,190.8800049,193.6600037,8587800.0,190.4362793,0.011059671,0.2353372572369524,0.019171961,0.1911108885190892,0.066092934,-0.019348049,1.29e-09,0.578347659,6.131739,0.0191978251216068,0,193.04000346666663,193.04000346666663,129.14857470693275,1.2646135947446695,1663113379.77486,1.2878351847970375e-09,6.649980172426474e-12,0.0031572794117647,2720000000.0,,1.2646135947446695,252,126,0,190.4362793,0.011121055352618425
2024-06-18,1.0,1.0,0.5318,0.4133,194.6000061,197.9600067,194.1300049,197.0,9023000.0,193.7206573,0.010306738,0.2320282696818368,0.019560785,0.1894320324696495,0.066092934,-0.023183133,1.15e-09,0.359686481,5.711718,0.0195363395480081,0,196.3633372,196.3633372,129.23707359108147,1.2646135947446695,1777531000.0,1.1422739665299791e-09,5.798345007766391e-12,0.0033172794117647,2720000000.0,,1.2646135947446695,252,126,0,193.7206573,0.010360035069242102
2024-06-21,1.0,1.0,0.321875,0.26370000000000005,196.7100067,197.1699982,194.2200012,196.3000031,20972500.0,193.0323181,-0.012001071,0.2330101798714302,0.015012325,0.1900898860192019,0.066092934,0.922343702,5.69e-10,-0.503284625,5.518783,0.015074462835138,0,195.8966675,195.8966675,129.34629408905394,1.2646135947446695,4116901815.01475,5.72228918822267e-10,2.915073406956392e-12,0.0077104779411764,2720000000.0,,1.2646135947446695,252,126,0,193.0323181,-0.011929345675309455
2024-06-24,0.0,0.0,0.2333333333333333,0.2333333333333333,197.8099976,199.2299957,197.1000061,198.8800049,9785900.0,195.5693817,0.01326654,0.1558887313623022,0.017461493,0.1061380193972344,0.035976138,-0.280781062,1.34e-09,0.649981682,5.601381,0.0107485660450951,0,198.40333556666667,198.40333556666667,129.38319644765227,1.2646135947446695,1946219839.9509096,1.3343263266536548e-09,6.70920300572486e-12,0.0035977573529411,2720000000.0,,1.2646135947446695,252,126,0,195.5693817,0.013143206406948327
2024-06-26,0.0,0.0,0.3317,0.13291666666666666,197.4499969,197.9400024,196.2799988,197.4299927,7758600.0,194.1434937,-0.003236503,0.2309225194308404,0.008407636,0.1898767209572993,0.066092934,-0.402319565,4.16e-10,-0.730183498,5.270805,0.0084217117089289,0,197.21666463333327,197.21666463333327,129.43804164855038,1.2646135947446695,1531780341.36222,4.1715038795659007e-10,2.112902818116703e-12,0.0028524264705882,2720000000.0,,1.2646135947446695,252,126,0,194.1434937,-0.003231271581841222
2024-06-27,0.0,0.0,0.23829999999999998,0.35946666666666666,197.4400024,199.8600006,196.8999939,199.1699982,7913500.0,195.854538,0.008774687,0.2316124603278369,0.014926536,0.189874932243398,0.066092934,-0.361371989,1.11e-09,0.308333642,5.301538,0.0149208929379597,0,198.6433309,198.6433309,129.46791045889373,1.2646135947446695,1576131780.7557,1.1088250458077964e-09,5.567229280658781e-12,0.002909375,2720000000.0,,1.2646135947446695,252,126,0,195.854538,0.00881329715145629
2024-06-28,0.3333333333333333,0.3333333333333333,0.39977222222222225,0.26132222222222223,200.0099945,202.6000061,199.3000031,202.2599945,15307600.0,198.8931122,0.005896571,0.1496244241790331,0.009468582,0.1002694210886921,0.035926934,-0.632302685,1.01e-09,0.159098832,5.298507,0.0164220100744401,0,201.3866679,201.3866679,129.52790294840798,1.2646135947446695,3096115091.8082,1.0057308134521414e-09,4.972465345598244e-12,0.005627794117647,2720000000.0,,1.2646135947446695,252,126,0,198.8931122,0.0155144436837098
2024-07-01,0.6666666666666666,0.6666666666666666,0.4769555555555556,0.3472527777777778,202.8399963,207.0899963,202.6600037,205.4499969,10205800.0,202.0299988,0.015648639,0.2350031575430874,0.021700227,0.189140395880386,0.066092934,0.074415537,1.55e-09,0.951295208,5.475892,0.0216229046979865,0,205.0666656333333,205.0666656333333,129.56989074229375,1.2646135947446695,2096781578.36202,1.5333084128632734e-09,7.463170776340244e-12,0.0037521323529411,2720000000.0,,1.2646135947446695,252,126,0,202.0299988,0.01577172062572818
2024-07-02,1.0,1.0,0.349625,0.29955,205.2899933,208.8600006,204.7700043,208.8300018,7802900.0,205.3537292,0.016317806,0.2365163513534767,0.019752711,0.189140395880386,0.066092934,-0.277296432,2.11e-09,1.789934083,5.757218,0.0197761102992941,0,207.4866689,207.4866689,129.60298926720978,1.2646135947446695,1629479621.04522,2.091248894641736e-09,1.0014120943429193e-11,0.0028687132352941,2720000000.0,,1.2646135947446695,252,126,0,205.3537292,0.01645166767184092
2024-07-03,0.5,0.5,0.3086291666666667,0.3245,209.5500031,210.3800049,207.6499939,208.6900024,5560900.0,205.2160645,0.005298824,0.1464875104699721,0.009774789,0.0975151322925944,0.035926934,-0.000332218,1.21e-10,-1.170960498,5.460522,0.0130613162109742,0,208.90666706666664,208.90666706666664,129.62699022473817,1.2646135947446695,1160504234.34616,1.2059270981315975e-10,5.778557114682353e-13,0.0020444485294117,2720000000.0,,1.2646135947446695,252,126,0,205.2160645,-0.0006703783784999251
2024-07-05,-1.0,-1.0,0.55945,0.18331666666666668,206.9900055,207.3699951,204.5200043,204.7899933,8093100.0,202.4968567,-0.001175021,0.1467094958719461,0.006233446,0.0975448607478325,0.035926934,0.069195013,1.64e-09,1.088158719,5.621407,0.0138386015885385,0,205.55999756666665,205.55999756666665,129.66042084350013,1.2646135947446695,1657385894.77623,1.6481982182352864e-09,8.04823610605239e-12,0.0029754044117647,2720000000.0,,1.2646135947446695,252,126,0,202.4968567,-0.013250462660538864
2024-07-11,0.5,0.5,0.40698999999999996,0.4421125,206.2100067,208.1000061,205.3800049,207.4499969,10658100.0,205.1270752,-0.001685824,0.1921812700744162,0.013150903,0.1313775152996536,0.04529916,0.220754447,1.58e-10,-1.115122946,4.911434,0.013156627298242,0,206.9766693,206.9766693,129.814299460473,1.2646135947446695,2211022811.95989,1.5817303271690076e-10,7.624634132587968e-13,0.003918419117647,2720000000.0,,1.2646135947446695,252,126,0,205.1270752,-0.0016844038157292074
2024-07-12,0.35714285714285715,0.42857142857142855,0.38045535714285716,0.27951190476190474,204.0,207.4499969,202.1000061,204.9400024,15443400.0,202.6451874,-0.012173062,0.1923893964770389,0.026165163,0.1316343720184964,0.04529916,0.519269838,7.83e-10,-0.183564648,4.859951,0.0261261909940701,0,204.8300018,204.8300018,129.87714328317415,1.2646135947446695,3164970433.06416,7.882371757514537e-10,3.8461850615819735e-12,0.0056777205882352,2720000000.0,,1.2646135947446695,252,126,0,202.6451874,-0.012099269672617097
2024-07-15,0.0,0.0,0.4000000000000001,0.3209,207.1900024,211.6100006,206.7200012,210.0500031,10719700.0,207.6979675,0.024628341,0.1972631088199901,0.023439744,0.1313801105763138,0.04529916,-0.014128202,2.33e-09,2.114055734,5.254768,0.0233786693708755,0,209.4600016333333,209.4600016333333,129.9233938639413,1.2646135947446695,2251673018.23107,2.2974841646687874e-09,1.0937796385439746e-11,0.0039410661764705,2720000000.0,,1.2646135947446695,252,126,0,207.6979675,0.024934123355351945
2024-07-16,0.0,0.0,0.51415,0.3525333333333333,210.0,213.7400055,208.0800018,213.6199951,11557000.0,211.2279816,0.016853086,0.1992242138636525,0.02672208,0.1313801105763138,0.04529916,0.02360204,1.47e-09,0.839950876,5.363058,0.0268361083023479,0,211.8133341333333,211.8133341333333,129.97467039874283,1.2646135947446695,2468806283.3707004,1.4582578523838363e-09,6.826410850263316e-12,0.0042488970588235,2720000000.0,,1.2646135947446695,252,126,0,211.2279816,0.016995901031145122
2024-07-17,0.0,0.0,0.3754425,0.32359,213.8000031,217.5599976,213.2700043,216.8699951,11572500.0,214.4415894,-0.007937475,0.1475918308947379,0.009874881,0.0991163600015515,0.035926934,-0.082751296,1.31e-09,0.607659898,5.409857,0.0199150165080459,0,215.899999,215.899999,130.028512149467,1.2646135947446695,2509728018.29475,1.3047620652408727e-09,6.0163328017748106e-12,0.0042545955882352,2720000000.0,,1.2646135947446695,252,126,0,214.4415894,0.015213930349841531
2024-07-19,0.0,0.0,0.40585,0.42653888888888886,211.1999969,212.3500061,208.9199982,209.7799988,8095900.0,207.4309845,-0.000952894,0.2035723011779465,0.016295349,0.1471139619398577,0.04550756,-0.356718484,1.18e-10,-1.175291191,5.546309,0.0162841306762366,0,210.3500010333333,210.3500010333333,130.11869484325777,1.2646135947446695,1698357892.28492,1.1770081152188146e-10,5.6106784343199e-13,0.0029764338235294,2720000000.0,,1.2646135947446695,252,126,0,207.4309845,-0.0009524399248577176
2024-07-22,0.6,0.6,0.4197666666666667,0.33326333333333336,210.4600067,212.1699982,209.7100067,210.2799988,7663200.0,207.9253998,0.002380681,0.2034642095943664,0.011693642,0.1471139619398577,0.04550756,-0.353261606,3.11e-10,-0.887238703,5.315423,0.0116620435736607,0,210.72000123333336,210.72000123333336,130.1520882706706,1.2646135947446695,1611417686.80416,3.1066408288965447e-10,1.4773829401869605e-12,0.0028173529411764,2720000000.0,,1.2646135947446695,252,126,0,207.9253998,0.0023835171066259875
2024-07-24,0.5,0.5,0.4478416666666667,0.4567083333333334,209.5500031,212.0299988,208.0700073,208.5899963,7119000.0,206.254303,-0.008307215,0.2044481559798475,0.018940984,0.1480957765977073,0.04550756,-0.169370492,1.16e-09,0.380380409,5.088486,0.0188526133896668,0,209.5633341333333,209.5633341333333,130.20672129938998,1.2646135947446695,1484952183.6597,1.1669075712881022e-09,5.59426430790968e-12,0.0026172794117647,2720000000.0,,1.2646135947446695,252,126,0,206.254303,-0.008272805085767887
2024-07-26,0.0,0.0,0.40575,0.4787,209.2400055,213.1600037,208.6199951,212.2400055,8027800.0,209.8634491,0.016963748,0.2058813710122927,0.021543174,0.1471687417177281,0.04550756,0.182920904,2.13e-09,1.823814244,5.132419,0.0215278515478055,0,211.34000143333333,211.34000143333333,130.26911203658574,1.2646135947446695,1703820316.1529,2.113125389272279e-09,9.956301048400975e-12,0.0029513970588235,2720000000.0,,1.2646135947446695,252,126,0,209.8634491,0.01710844934950906
2024-07-30,0.5,0.5,0.33721666666666666,0.33257499999999995,213.2299957,215.7899933,212.9600067,215.1900024,8850700.0,212.7804108,0.020374351,0.2099484404263941,0.013211272,0.1477680728699703,0.04550756,0.231583772,2.33e-09,2.113468888,5.483411,0.0132011036734693,0,214.64666746666668,214.64666746666668,130.33808214672123,1.2646135947446695,1904582154.24168,2.302004474222377e-09,1.0697543791757387e-11,0.0032539338235294,2720000000.0,,1.2646135947446695,252,126,0,212.7804108,0.020583324866100705
2024-07-31,0.0,1.0,0.593425,0.35862499999999997,214.7799988,216.3899994,212.6699982,212.8000031,9071600.0,210.4171753,-0.011168589,0.2110349354488122,0.017400258,0.1490207260144771,0.04550756,0.196401207,1.22e-09,0.473080819,5.511422,0.0173402378259836,0,213.95333356666663,213.95333356666663,130.37897704457242,1.2646135947446695,1930436508.12196,1.2311597733586136e-09,5.785525166463749e-12,0.0033351470588235,2720000000.0,0.2014915983286561,1.2646135947446695,252,126,0,210.4171753,-0.011106452380248877
2024-08-01,1.0,1.0,0.3444666666666667,0.24892499999999998,213.1999969,213.8300018,206.3800049,207.9600067,10918600.0,205.6313782,0.008895783,0.1403129996948918,0.012652233,0.0892510454277644,0.035745876,-0.091649649,2.08e-09,1.752215036,5.818804,0.0354584459256762,0,209.39000446666668,209.39000446666668,130.42546054475866,1.2646135947446695,2270632129.15462,2.107135530196179e-09,1.0132407493311448e-11,0.0040141911764705,2720000000.0,,1.2646135947446695,252,126,0,205.6313782,-0.022744327278306553
2024-08-02,0.0,0.0,0.3357555555555556,0.27548333333333336,203.8800049,204.6699982,196.8899994,199.1399994,18041700.0,196.9101257,-0.043337729,0.2349433189355532,0.038608499,0.1797538888248064,0.04591648,0.712988885,2.35e-09,2.150951533,6.205414,0.0387488736253544,0,200.2333323333333,200.2333323333333,130.4932565383008,1.2646135947446695,3592824127.17498,2.402086776744985e-09,1.2062301817728064e-11,0.0066329779411764,2720000000.0,,1.2646135947446695,252,126,0,196.9101257,-0.042412070455111084
2024-08-05,0.5,0.5,0.3343016666666667,0.25105500000000003,194.0500031,196.1699982,190.8999939,194.8999939,13927000.0,192.7176056,-0.021521476,0.2357376878600085,0.027098621,0.1850859018141546,0.04591648,0.172477159,1.53e-09,0.926610714,6.318457,0.0272302395306247,0,193.98999533333333,193.98999533333333,130.5408235323925,1.2646135947446695,2714372215.0453,1.545305952466432e-09,7.928712164348776e-12,0.0051202205882352,2720000000.0,,1.2646135947446695,252,126,0,192.7176056,-0.021291541433412386
2024-08-06,0.5,0.5,0.3971,0.31761249999999996,195.3999939,202.6000061,194.0,200.3399963,10605800.0,198.0966797,0.027529259,0.2415698938854548,0.043462912,0.1850859018141546,0.04591648,-0.202757639,2.63e-09,2.569437147,6.721736,0.0433686634781925,0,198.9800008,198.9800008,130.5798444285768,1.2646135947446695,2124765932.75854,2.5956796281280056e-09,1.2956372547003014e-11,0.0038991911764705,2720000000.0,,1.2646135947446695,252,126,0,198.0966797,0.027911690181356308
2024-08-07,0.0,-0.5,0.4212375,0.42785,203.5099945,205.75,200.1999969,200.3999939,9204400.0,198.1560059,0.000299436,0.2412429381814928,0.027481386,0.1850859018141546,0.04591648,-0.373576682,3.25e-11,-1.302059108,6.341568,0.0273432843570986,0,202.1166636,202.1166636,130.61522454784958,1.2646135947446695,1844561703.85316,3.253183260179914e-11,1.6233449896227337e-13,0.0033839705882352,2720000000.0,,1.2646135947446695,252,126,0,198.1560059,0.00029948104173094237
2024-08-09,0.3333333333333333,0.3333333333333333,0.3743472222222222,0.32765833333333333,203.4700012,206.4700012,202.8999939,205.8000031,5540200.0,203.4955597,0.008490849,0.2429601622891268,0.017445732,0.1850854418181318,0.04591648,-0.62732991,1.54e-09,0.941979037,6.709299,0.0174414702725242,0,205.05666606666668,205.05666606666668,130.66777820674037,1.2646135947446695,1140173177.17462,1.5325888957077363e-09,7.44698188834836e-12,0.0020368382352941,2720000000.0,,1.2646135947446695,252,126,0,203.4955597,0.008526998349355663
2024-08-12,0.0,0.0,0.673975,0.25808333333333333,206.4100037,207.1399994,203.6600037,206.1900024,6936000.0,203.8811798,0.001893187,0.2429228395392274,0.016868617,0.1850854418181318,0.04591648,-0.176864074,2.73e-10,-0.94357846,6.399081,0.0169425300571522,0,205.66333516666668,205.66333516666668,130.69569765346688,1.2646135947446695,1430133856.6464,2.729508362168397e-10,1.323783078906641e-12,0.00255,2720000000.0,,1.2646135947446695,252,126,0,203.8811798,0.0018949804141599191
2024-08-13,0.6666666666666666,0.6666666666666666,0.5018333333333334,0.283725,207.7299957,208.0899963,205.3999939,207.9400024,6387800.0,205.6116028,0.008451594,0.2434569000664186,0.012942971,0.1850854418181318,0.04591648,-0.141731151,1.33e-09,0.628554691,6.421469,0.0130112092856171,0,207.14333086666667,207.14333086666667,130.72189930505257,1.2646135947446695,1328279147.33072,1.32308369078556e-09,6.362814636504784e-12,0.0023484558823529,2720000000.0,,1.2646135947446695,252,126,0,205.6116028,0.008487409194401607
2024-08-15,1.0,1.0,0.51665,0.61475,213.0,213.8899994,211.1000061,211.5500031,7001000.0,209.1811829,0.006211654,0.2237889744487661,0.013143297,0.1592589318441384,0.042928809,0.079503049,8.9e-10,-0.024851858,6.399264,0.0131296889992392,0,212.18000286666663,212.18000286666663,130.78199285952968,1.2646135947446695,1481061571.7031,8.872523925153547e-10,4.194055209235565e-12,0.0025738970588235,2720000000.0,,1.2646135947446695,252,126,0,209.1811829,0.006230986410239003
2024-08-20,0.0,0.0,0.883,0.23673333333333332,215.0,216.0,213.6799927,214.5200043,5640000.0,212.1179199,-0.004325817,0.2208660689619287,0.010802791,0.158362828380129,0.042928809,-0.216840038,7.65e-10,-0.210564054,6.204697,0.0107987681037771,0,214.7333323333333,214.7333323333333,130.86982049431515,1.2646135947446695,1209892824.252,7.669888297872341e-10,3.5753720604751733e-12,0.0020735294117647,2720000000.0,,1.2646135947446695,252,126,0,212.1179199,-0.004316474516043223
2024-08-22,0.0,0.0,0.26685,0.19055000000000002,214.5800018,216.8000031,214.3399963,216.6300049,5247100.0,214.2042847,0.004447107,0.1111451666742564,0.017742537,0.0535357914088256,0.011326674,0.259607595,1.8e-09,1.334726697,6.014653,0.0114116379989028,0,215.92333476666667,215.92333476666667,130.91689980336116,1.2646135947446695,1136679298.71079,1.7943189571382287e-09,8.282873639625849e-12,0.0019290808823529,2720000000.0,,1.2646135947446695,252,126,0,214.2042847,0.00945943155003226
2024-08-26,-1.0,-1.0,0.25545,0.21827999999999997,219.0099945,219.6799927,218.0500031,219.1699982,5105200.0,216.7158356,0.003931624,0.217490906865738,0.007439818,0.1572256275499976,0.042928809,-0.132045283,7.72e-10,-0.201172977,5.819388,0.0074474658608717,0,218.96666466666667,218.96666466666667,130.97455121544976,1.2646135947446695,1118906674.81064,7.70121444801379e-10,3.5138086924589797e-12,0.0018769117647058,2720000000.0,,1.2646135947446695,252,126,0,216.7158356,0.003939362448258876
2024-08-29,0.0,0.0,0.33268333333333333,0.30338333333333334,222.1499939,222.9799957,218.9400024,222.2100067,6416100.0,219.721817,0.021579854,0.1183448132623473,0.02280778,0.0564538465047905,0.011326674,0.141475902,6.48e-10,-0.385358234,5.447353,0.0182838220373353,0,221.37666826666668,221.37666826666668,131.06146604439022,1.2646135947446695,1425721623.98787,6.466378329514812e-10,2.9100302122059268e-12,0.0023588602941176,2720000000.0,,1.2646135947446695,252,126,0,219.721817,0.004157510879335247
2024-09-03,-1.0,-1.0,0.30556000000000005,0.33795,222.3000031,224.1000061,219.2400055,220.3000031,8956100.0,217.8331909,-0.020220883,0.2173649571179146,0.021961141,0.1588436784158647,0.042928809,0.29464754,2.24e-09,1.978652108,5.813773,0.0219244844716831,0,221.21333823333336,221.21333823333336,131.14715286228082,1.2646135947446695,1973028857.76391,2.257777715746809e-09,1.0248650403885579e-11,0.0032926838235294,2720000000.0,,1.2646135947446695,252,126,0,217.8331909,-0.02001781231784916
2024-09-05,1.0,1.0,0.32499999999999996,0.4195333333333333,220.1499939,220.8000031,216.0299988,217.6300049,8067900.0,215.1931,-0.007781024,0.2167130593125981,0.021791787,0.1598600070008438,0.042928809,0.029426373,9.61e-10,0.080434689,5.5785,0.0218391789906956,0,218.1533356,218.1533356,131.21944481266948,1.2646135947446695,1755817116.5327098,9.644422960125932e-10,4.431568599448179e-12,0.0029661397058823,2720000000.0,,1.2646135947446695,252,126,0,215.1931,-0.007750830350596094
2024-09-06,-1.0,-1.0,0.4421,0.36660000000000004,217.6000061,218.7400055,211.0899963,212.4600067,7777000.0,210.0809784,-0.024042697,0.2153475938934865,0.035576473,0.1581118113741894,0.042928809,-0.058666712,3.05e-09,3.199354172,6.123156,0.0355955106342695,0,214.0966695,214.0966695,131.2538150122676,1.2646135947446695,1652301472.1059,3.09151305130513e-09,1.4551035271642634e-11,0.0028591911764705,2720000000.0,,1.2646135947446695,252,126,0,210.0809784,-0.023755973588372448
2024-09-10,-0.45454545454545453,-0.6363636363636364,0.5123563636363637,0.33223772727272727,218.6000061,218.6399994,200.6100006,205.5599976,28406900.0,203.2582397,0.000490852,0.1208659371672028,0.007089038,0.0573433851405219,0.011326674,-0.29044626,1.83e-09,1.370224145,6.568893,0.0860107277280858,0,208.2699992,208.2699992,131.4107274995714,1.2646135947446695,5839322295.823441,1.875720722782141e-09,9.124930651303631e-12,0.0104437132352941,2720000000.0,,1.2646135947446695,252,126,0,203.2582397,-0.051888730597186905
2024-09-11,0.8,0.8,0.47084666666666664,0.3636466666666666,205.25,207.6999969,201.8300018,207.2299957,13658700.0,204.9095306,0.00809128,0.2431808642549485,0.028461963,0.1897895247620597,0.05291542,0.026858917,5.95e-10,-0.464581077,6.359528,0.028666984683093,0,205.5866648,205.5866648,131.46460750675834,1.2646135947446695,2830492342.26759,5.923901981887002e-10,2.858612220627963e-12,0.0050215808823529,2720000000.0,,1.2646135947446695,252,126,0,204.9095306,0.00812410312338252
2024-09-12,0.0,-0.25,0.37826624999999997,0.31464000000000003,207.6499939,208.7799988,204.8899994,206.6000061,9055800.0,204.2866058,-0.003044629,0.2431122876936972,0.018780926,0.1898920659889417,0.05291542,-0.484062734,3.36e-10,-0.850504491,6.086874,0.0188072590080331,0,206.7566681,206.7566681,131.50085033973394,1.2646135947446695,1870928335.24038,3.3620762384328277e-10,1.6273359821710225e-12,0.0033293382352941,2720000000.0,,1.2646135947446695,252,126,0,204.2866058,-0.003039999155607931
2024-09-17,0.0,0.0,0.30660000000000004,0.30939999999999995,207.7299957,209.9299927,207.6600037,209.25,7573300.0,206.9069214,0.006664859,0.2442140683681347,0.01088776,0.1896610314090698,0.05291542,-0.316602218,8.83e-10,-0.035319546,6.152916,0.0108718552626707,0,208.94666546666667,208.94666546666667,131.60662147300272,1.2646135947446695,1584713025.0,8.800468752063171e-10,4.205719833721945e-12,0.0027843014705882,2720000000.0,,1.2646135947446695,252,126,0,206.9069214,0.006687118543176496
2024-09-18,0.3333333333333333,0.3333333333333333,0.30238611111111113,0.2576777777777778,209.0099945,211.3399963,206.6999969,207.5299988,8259900.0,205.2061768,0.005184108,0.1186926633283125,0.012883481,0.053774730351708,0.011326674,0.021873859,9.95e-10,0.131750575,6.081529,0.0221988301381495,0,208.52333066666665,208.52333066666665,131.64033012797407,1.2646135947446695,1714177037.08812,9.99264276807225e-10,4.815035332651991e-12,0.0030367279411764,2720000000.0,,1.2646135947446695,252,126,0,205.2061768,-0.008219853586782788
2024-09-19,0.5,0.0,0.38038333333333335,0.34264583333333337,209.7799988,211.9100037,207.3399963,210.4799957,11635200.0,208.1231537,0.014114776,0.2449631202082134,0.021748477,0.1902300701424981,0.05291542,0.293739527,1.22e-09,0.469210306,6.07139,0.0218008701252236,0,209.90999856666667,209.90999856666667,131.68861880025366,1.2646135947446695,2448976845.96864,1.2131098734873486e-09,5.76353999558424e-12,0.0042776470588235,2720000000.0,,1.2646135947446695,252,126,0,208.1231537,0.014214859150380121
2024-09-20,0.0,0.0,0.23146666666666663,0.181875,209.9299927,211.4199982,209.5,211.0899963,20885000.0,208.7263031,0.00289385,0.2448235664058719,0.009120698,0.1901143992163927,0.05291542,0.838941285,1.39e-10,-1.143837379,5.760578,0.0091228651915356,0,210.66999816666663,210.66999816666663,131.77598761235512,1.2646135947446695,4408614572.7255,1.3856116830260946e-10,6.564080284775178e-13,0.0076783088235294,2720000000.0,,1.2646135947446695,252,126,0,208.7263031,0.0028980408439776006
2024-09-23,0.0,0.0,0.314175,0.38995,211.0,211.8000031,209.9900055,211.4400024,7223500.0,209.072403,0.000371754,0.1195650329899267,0.011822037,0.0567164711504629,0.011326674,-0.193656728,2.3e-10,-1.008609497,5.492958,0.00858245839444,0,211.0766703333333,211.0766703333333,131.80631644616102,1.2646135947446695,1527336857.3364,2.293594517892988e-10,1.084749570497067e-12,0.0026556985294117,2720000000.0,,1.2646135947446695,252,126,0,209.072403,0.0016581518230320835
2024-09-24,1.0,1.0,0.34165,0.29025000000000006,211.1499939,212.9499969,210.3699951,211.5899963,7323200.0,209.2207184,0.000709146,0.2425307810986573,0.012206093,0.1901143992163927,0.05291542,-0.493934256,9.69e-11,-1.206235222,5.209722,0.0121893690293747,0,211.63666276666663,211.63666276666663,131.8372572547364,1.2646135947446695,1549515860.90416,9.683553637753988e-11,4.576564963886238e-13,0.0026923529411764,2720000000.0,0.1796183868409515,1.2646135947446695,252,126,0,209.2207184,0.0007093973086442773
2024-09-25,1.0,1.0,0.67625,0.3929,211.6799927,212.2400055,208.6100006,210.1900024,8976500.0,207.8364105,-0.006638481,0.2410414009106118,0.017209116,0.1906005676679816,0.05291542,-0.270665581,7.37e-10,-0.252629804,5.125986,0.0172508249846024,0,210.3466695,210.3466695,131.87453805572406,1.2646135947446695,1886770556.5436,7.395400211663786e-10,3.518435761559223e-12,0.0033001838235294,2720000000.0,0.1341870907978363,1.2646135947446695,252,126,0,207.8364105,-0.006616495300209246
2024-09-26,1.0,1.0,0.6333500000000001,0.3,211.1300049,211.6999969,209.0099945,209.7799988,7807500.0,207.4309845,-0.001952603,0.2388466942536989,0.012781841,0.1906425701698191,0.05291542,-0.352044966,2.5e-10,-0.97837334,4.908059,0.0127879178293268,0,210.16333006666665,210.16333006666665,131.90685934856833,1.2646135947446695,1637857340.6309998,2.5009324367595256e-10,1.1921691539067386e-12,0.0028704044117647,2720000000.0,,1.2646135947446695,252,126,0,207.4309845,-0.0019506976618035576
2024-09-30,-0.5,-0.5,0.30308750000000007,0.28993749999999996,206.3099976,210.9600067,205.2599945,210.8600006,8663800.0,208.4988861,0.001708696,0.2372919856871342,0.027327048,0.1886674206489684,0.05291542,0.106964254,1.97e-10,-1.056509464,4.562207,0.0273894199392934,0,209.02666726666664,209.02666726666664,131.97145796202926,1.2646135947446695,1826848873.19828,1.9722246589256447e-10,9.353242214330358e-13,0.0031852205882352,2720000000.0,,1.2646135947446695,252,126,0,208.4988861,0.0017101565810528907
2024-10-01,0.3333333333333333,0.0,0.2615111111111111,0.2523666666666667,208.8999939,209.0899963,206.1900024,207.0399933,8540100.0,204.7216644,-0.018282377,0.2403140503945209,0.01394429,0.192351828458087,0.05291542,0.050433327,2.12e-09,1.809168958,4.938153,0.0139664511128789,0,207.4399973333333,207.4399973333333,132.00549484753904,1.2646135947446695,1768142246.78133,2.140768492172222e-09,1.0339879064187658e-11,0.0031397426470588,2720000000.0,,1.2646135947446695,252,126,0,204.7216644,-0.01811626800820587
2024-10-02,0.3333333333333333,-0.3333333333333333,0.2897416666666667,0.3218838888888889,207.0800018,208.9499969,205.6900024,207.2899933,5810900.0,204.9688568,0.001206728,0.2390939109934784,0.015734704,0.192351828458087,0.05291542,-0.321077012,2.08e-10,-1.041018007,4.716585,0.0157244573871482,0,207.30999753333333,207.30999753333333,132.02859697656183,1.2646135947446695,1204541422.06697,2.0766628233148046e-10,1.0018152783233293e-12,0.0021363602941176,2720000000.0,,1.2646135947446695,252,126,0,204.9688568,0.001207455990182904
2024-10-03,0.5,0.5,0.46100833333333335,0.4543416666666667,206.1699982,206.4900055,204.3399963,205.2299957,7251300.0,202.9319305,-0.009987444,0.2399403611143441,0.010452159,0.1934377726022312,0.05291542,-0.035297682,1.37e-09,0.690794562,4.848315,0.0104666611035221,0,205.3533325,205.3533325,132.05665698573011,1.2646135947446695,1488184267.8194098,1.377331512970088e-09,6.711160852838668e-12,0.002665919117647,2720000000.0,0.1559130565715217,1.2646135947446695,252,126,0,202.9319305,-0.009937735575056394
2024-10-04,-0.25,-0.25,0.40716458333333333,0.3165975,209.3000031,211.6699982,206.9100037,211.2200012,10211700.0,210.1347351,0.034878315,0.2502775396203627,0.022638612,0.193406916780566,0.05291542,0.299800209,3.48e-09,3.826643455,5.548562,0.0227435351827304,0,209.93333436666668,209.93333436666668,132.09860321319297,1.2646135947446695,2156915286.25404,3.415524839155087e-09,1.6170461224081682e-11,0.0037543014705882,2720000000.0,0.5206345237320622,1.2646135947446695,252,126,0,210.1347351,0.03549369772540545
2024-10-08,0.0,-0.5,0.3589875,0.3286,210.5800018,211.3300018,208.3800049,210.75,6021800.0,209.6671448,-0.000853665,0.2439557811667045,0.014003261,0.1918198501539887,0.05291542,-0.219276774,1.42e-10,-1.139458149,5.025348,0.0140573102995306,0,210.15333556666667,210.15333556666667,132.1514341509403,1.2646135947446695,1269094350.0,1.4176242983825435e-10,6.726568438351332e-13,0.0022138970588235,2720000000.0,0.5836152989282075,1.2646135947446695,252,126,0,209.6671448,-0.0008533006281882249
2024-10-09,1.0,1.0,0.5986,0.39693333333333336,209.6999969,214.2400055,209.3800049,213.4199982,7024000.0,212.3234253,0.004659951,0.130523614416139,0.013322434,0.070897995029405,0.017769715,-0.447285681,1.8e-09,1.336046221,5.280833,0.0229450945691209,0,212.3466695333333,212.3466695333333,132.1811144311976,1.2646135947446695,1499062067.3568,1.792348376993166e-09,8.398221310608023e-12,0.0025823529411764,2720000000.0,0.5832073377365375,1.2646135947446695,252,126,0,212.3234253,0.012669035496876813
2024-10-10,0.0,0.0,0.22474999999999998,0.2159875,214.8099976,214.8099976,211.4700012,212.8399963,7927100.0,211.7463989,-0.002721376,0.2409476440522096,0.015620233,0.1919009109928842,0.05291542,0.056171225,3.43e-10,-0.839873589,5.073517,0.0156704345003389,0,213.0399983666667,213.0399983666667,132.21487390330756,1.2646135947446695,1687203934.66973,3.433003242043117e-10,1.6129502451241672e-12,0.002914375,2720000000.0,0.6059606424339934,1.2646135947446695,252,126,0,211.7463989,-0.002717676578477768
2024-10-11,0.42857142857142855,0.42857142857142855,0.43143809523809523,0.33389309523809524,215.6699982,224.6300049,215.1600037,222.2899933,18320700.0,221.1478424,0.043442121,0.2476626227831924,0.043245965,0.1801332532504684,0.05291542,0.973189589,2.42e-09,2.259212648,5.415717,0.0430660133919194,0,220.69333396666664,220.69333396666664,132.30016708683206,1.2646135947446695,4072508280.25131,2.3712042116294682e-09,1.0667165788382199e-11,0.0067355514705882,2720000000.0,0.7024915261818946,1.2646135947446695,252,126,0,221.1478424,0.04439954374118993
2024-10-14,1.0,1.0,0.42060000000000003,0.38643333333333335,223.1999969,223.6999969,218.8800049,221.4799957,9048900.0,220.3420105,-0.003650516,0.2478149414536453,0.021678475,0.1802779676471301,0.05291542,-0.082124091,4.03e-10,-0.750724591,5.211748,0.0217813366189019,0,221.3533325,221.3533325,132.34254827442558,1.2646135947446695,2004150333.0897293,4.034209682944888e-10,1.82147812952341e-12,0.0033268014705882,2720000000.0,0.8086470954985404,1.2646135947446695,252,126,0,220.3420105,-0.003643860556154399
2024-10-15,0.0,0.0,0.19952499999999998,0.33993333333333337,223.6600037,225.4499969,221.8200073,222.3899994,9235800.0,221.247345,0.004100351,0.2478796299300203,0.016276156,0.1802779676471301,0.05291542,-0.13589473,4.45e-10,-0.687884707,5.031121,0.0162317596347321,0,223.2200012,223.2200012,132.38666951711605,1.2646135947446695,2053949556.45852,4.4396273197773885e-10,1.996325073859139e-12,0.0033955147058823,2720000000.0,0.803670553880117,1.2646135947446695,252,126,0,221.247345,0.004108769353359465
2024-10-16,1.0,1.0,0.7158,0.4106,222.3300018,223.6799927,221.0399933,223.6399994,6382500.0,222.490921,0.005605013,0.2480470528541146,0.011839359,0.1802779676471301,0.05291542,-0.556365028,8.81e-10,-0.038798745,4.97507,0.0118726366392718,0,222.7866618,222.7866618,132.41698961508834,1.2646135947446695,1427382296.1705,8.781845671758713e-10,3.926777721033528e-12,0.0023465073529411,2720000000.0,0.7898217599246925,1.2646135947446695,252,126,0,222.490921,0.005620749934874825
2024-10-17,0.6666666666666666,1.0,0.3830777777777778,0.3393555555555556,224.2700043,225.8500061,223.3099976,224.4199982,6470200.0,223.2669067,0.003481651,0.247320295923805,0.011321886,0.1794722941585791,0.05291542,-0.5074173,5.39e-10,-0.547620232,4.833209,0.0113100386458118,0,224.5266673,224.5266673,132.44829699423977,1.2646135947446695,1452042272.35364,5.381056227009985e-10,2.3977614607297435e-12,0.00237875,2720000000.0,0.7883570702945887,1.2646135947446695,252,126,0,223.2669067,0.003487718494364911
2024-10-24,1.0,1.0,0.6993,0.4656,221.8300018,225.0599976,221.6600037,224.9799957,6002200.0,223.8240204,0.007002803,0.2420331250958317,0.01521897,0.1789322619122479,0.05291542,-0.176307094,1.17e-09,0.393378672,4.737551,0.0152220356827797,0,223.899999,223.899999,132.61442418642994,1.2646135947446695,1350374930.1905398,1.1667060411182567e-09,5.185821243742947e-12,0.0022066911764705,2720000000.0,0.9457985132696513,1.2646135947446695,252,126,0,223.8240204,0.007027379830364833
2024-10-28,-0.6666666666666666,-1.0,0.2869261111111111,0.271165,223.3500061,225.6399994,222.9499969,225.5,6843000.0,224.3413544,0.014247378,0.2213508393989262,0.011986198,0.1500132584719644,0.052201504,-0.027643029,2.1e-09,1.77285696,5.30835,0.0119931452871767,0,224.6966654333333,224.6966654333333,132.67758977626528,1.2646135947446695,1543096500.0,2.082036825953529e-09,9.232979272521192e-12,0.0025158088235294,2720000000.0,1.0444905973103016,1.2646135947446695,252,126,0,224.3413544,0.014349355387159868
2024-10-29,-1.0,-1.0,0.28796,0.2660429166666667,225.2100067,226.75,222.8099976,222.8999939,6580000.0,221.754715,-0.011596912,0.2177788038312868,0.017584979,0.1453392526470001,0.052201504,0.035761051,1.75e-09,1.259471807,5.47042,0.0175282606149742,0,224.1533305,224.1533305,132.70911916121696,1.2646135947446695,1466681959.862,1.762448632218845e-09,7.906903007855331e-12,0.0024191176470588,2720000000.0,1.1058548579403191,1.2646135947446695,252,126,0,221.754715,-0.011529926824761949
2024-10-30,-0.25,-0.25,0.43182916666666665,0.2913583333333333,222.5399933,226.3099976,221.5800018,224.4100037,7110900.0,223.256958,-0.003990299,0.1939426049118681,0.017817132,0.1563397635761921,0.065055566,-0.703154223,9.53e-10,0.068475192,5.404459,0.0211212387252958,0,224.1000010333333,224.1000010333333,132.74314817572298,1.2646135947446695,1595757095.31033,9.494582964181748e-10,4.23090896467988e-12,0.0026143014705882,2720000000.0,1.0794244313849175,1.2646135947446695,252,126,0,223.256958,0.006774345248983682
2024-10-31,-0.3333333333333333,-0.3333333333333333,0.44802499999999995,0.42316666666666664,224.6999969,225.6900024,221.8200073,221.9199982,7829900.0,220.7797546,0.006476035,0.1935966206233612,0.018711187,0.1557524968299334,0.065055566,-0.629430695,1.42e-09,0.760239908,5.480044,0.0172956806154765,0,223.14333596666663,223.14333596666663,132.78019657588632,1.2646135947446695,1737611393.90618,1.4250203706305318e-09,6.421324721471324e-12,0.0028786397058823,2720000000.0,1.11491542837246,1.2646135947446695,252,126,0,220.7797546,-0.011095750037049323
2024-11-01,-0.6666666666666666,-0.6666666666666666,0.26943,0.18491238095238094,223.5599976,226.1499939,222.6999969,222.9400024,6923500.0,221.7945099,0.004585703,0.2107687780807461,0.015453514,0.147127089859682,0.052201504,-0.023897901,6.64e-10,-0.361706911,5.33951,0.0153726058625999,0,223.92999773333327,223.92999773333327,132.8132158848339,1.2646135947446695,1543525106.6164,6.623388459594134e-10,2.970928675110724e-12,0.0025454044117647,2720000000.0,1.1243718568231718,1.2646135947446695,252,126,0,221.7945099,0.00459623348091176
2024-11-04,-1.0,-1.0,0.5660666666666667,0.6046,222.6499939,223.7599945,219.1699982,219.7799988,8229600.0,218.6507416,-0.014275653,0.212701311618952,0.020749029,0.1500077214632628,0.052201504,0.146083983,1.72e-09,1.214906002,5.497075,0.0207256061935224,0,220.9033305,220.9033305,132.8511303990885,1.2646135947446695,1808701478.12448,1.7346715514727323e-09,7.892763495058916e-12,0.0030255882352941,2720000000.0,1.1341524903708131,1.2646135947446695,252,126,0,218.6507416,-0.014174238584252707
2024-11-05,0.25,0.25,0.5320833333333334,0.40346875,220.0299988,221.9600067,220.0,221.4900055,5600700.0,220.3519745,0.007750482,0.2131144844458634,0.00887845,0.1500077214632628,0.052201504,-0.295136542,1.39e-09,0.718710608,5.548885,0.0088696111425776,0,221.15000406666664,221.15000406666664,132.87698690733552,1.2646135947446695,1240499073.80385,1.3838416626493119e-09,6.247874072355431e-12,0.0020590808823529,2720000000.0,1.1844029644556988,1.2646135947446695,252,126,0,220.3519745,0.007780595151660741
2024-11-06,0.5,0.25,0.37289375,0.2870254166666667,235.0,248.0,234.7700043,247.0599976,23987800.0,245.7905731,0.109253693,0.3056842980830012,0.054889415,0.1500077214632628,0.052201504,1.211003104,4.81e-09,5.817918318,6.31775,0.0548086897784092,0,243.2766673,243.2766673,133.0152754790451,1.2646135947446695,5926425810.42928,4.554552439156571e-09,1.8435005599451888e-11,0.008819044117647,2720000000.0,0.930172742952589,1.2646135947446695,252,126,0,245.7905731,0.11544529454624874
2024-11-07,0.0,0.0,0.3580666666666666,0.24105000000000001,244.5,244.5700073,235.2200012,236.3800049,16451100.0,235.1654663,0.004880389,0.2018610745444816,0.01595369,0.1555552384757541,0.065055566,-0.448154731,2.63e-09,2.563398306,6.629262,0.0389754098015985,0,238.7233378,238.7233378,133.1060069988687,1.2646135947446695,3888711098.6103897,2.68617089434749e-09,1.1363782209429551e-11,0.0060481985294117,2720000000.0,2.294340892399497,1.2646135947446695,252,126,0,235.1654663,-0.043228292550004266
2024-11-08,0.5,0.5,0.28795666666666664,0.2366375,239.3399963,239.3399963,235.7799988,236.9799957,9502100.0,235.7623749,0.002535033,0.3197339548891468,0.014947924,0.1752257546619443,0.052946972,-0.356149659,2.67e-10,-0.952641038,6.310057,0.0149856774571262,0,237.3666636,237.3666636,133.1576700355166,1.2646135947446695,2251807617.1409698,2.6678660506624847e-10,1.1257769006122424e-12,0.003493419117647,2720000000.0,2.302212218013922,1.2646135947446695,252,126,0,235.7623749,0.0025382493841104026
2024-11-12,1.0,1.0,0.40800000000000003,0.4767333333333333,240.5500031,241.4600067,238.7599945,239.5599976,6861000.0,238.3291168,0.001127715,0.3193871164721371,0.011247473,0.1752257546619443,0.052946972,-0.764679457,1.64e-10,-1.105562147,5.88953,0.0112448968941446,0,239.92666626666667,239.92666626666667,133.2460988001653,1.2646135947446695,1643621143.5336,1.6436598163533008e-10,6.86116143271034e-13,0.0025224264705882,2720000000.0,2.2959586652970705,1.2646135947446695,252,126,0,238.3291168,0.0011283505611339173
2024-11-13,0.5,0.5,0.299675,0.33199999999999996,240.5800018,244.0899963,240.3099976,241.1600037,11472600.0,239.9208984,0.006656717,0.3192721628565225,0.015693107,0.175001347958907,0.052946972,0.092611082,5.82e-10,-0.483393963,5.690225,0.0156069312452565,0,241.85333253333337,241.85333253333337,133.31098337931525,1.2646135947446695,2766732258.44862,5.802274113975906e-10,2.4059852483639305e-12,0.0042178676470588,2720000000.0,2.290456321521892,1.2646135947446695,252,126,0,239.9208984,0.00667892207789178
2024-11-14,1.0,1.0,0.616,0.61595,242.4199982,244.2899933,241.0500031,241.8699951,10172200.0,240.627243,-0.00108596,0.1963616880154599,0.009463243,0.153781756985316,0.065055566,-0.405418706,2.89e-10,-0.919427798,5.439471,0.0133514246673777,0,242.4033305,242.4033305,133.36873977408797,1.2646135947446695,2460349964.15622,2.8899825013271456e-10,1.1948495306878793e-12,0.0037397794117647,2720000000.0,2.281316165923802,1.2646135947446695,252,126,0,240.627243,0.002944072836966294
2024-11-15,0.25,0.25,0.3847291666666667,0.34126,241.4600067,246.4199982,241.4600067,245.3099976,11518800.0,244.0495758,0.014122357,0.3198541021740069,0.020379199,0.175001347958907,0.052946972,0.205323431,1.23e-09,0.488593463,5.429728,0.0203328336893685,0,244.3966675,244.3966675,133.4352625073302,1.2646135947446695,2825676800.35488,1.2260267562593323e-09,4.99786705904453e-12,0.0042348529411764,2720000000.0,2.284648748217856,1.2646135947446695,252,126,0,244.0495758,0.014222549189910394
2024-11-18,1.0,1.0,0.49456666666666665,0.27840000000000004,247.7599945,247.9299927,242.6799927,245.0299988,9052600.0,243.7710114,-0.001142078,0.3197153462966945,0.021307251,0.1750169992443545,0.052946972,-0.100147895,1.26e-10,-1.162714746,5.150058,0.0214019288487151,0,245.2133280666667,245.2133280666667,133.4878710273067,1.2646135947446695,2218158567.13688,1.2616021916355518e-10,5.148766264596464e-13,0.0033281617647058,2720000000.0,2.2955663374311133,1.2646135947446695,252,126,0,243.7710114,-0.0011414254627850617
2024-11-19,-0.5,-0.5,0.44695000000000007,0.37817083333333334,242.25,245.1499939,241.5500031,243.0899963,6792700.0,241.8409729,-0.001042889,0.1971684515233409,0.020689812,0.154644355564365,0.065055566,-0.052203219,1.17e-09,0.385600065,5.145903,0.0147934695795775,0,243.2633311,243.2633311,133.52662538261433,1.2646135947446695,1651237417.86701,1.170216997659252e-09,4.813924947430064e-12,0.0024973161764705,2720000000.0,2.294455547644417,1.2646135947446695,252,126,0,241.8409729,-0.007917424179830101
2024-11-21,1.0,1.0,0.3993,0.3657,243.2299957,245.4900055,242.1100006,244.7599945,8783500.0,243.5023956,0.016394479,0.322443200424201,0.013852763,0.1768593371198485,0.052946972,-0.034833358,1.88e-09,1.452546604,5.298913,0.0138638427305794,0,244.1200002,244.1200002,133.62753504628793,1.2646135947446695,2149849411.69075,1.8665086810496954e-09,7.625873194116677e-12,0.0032292279411764,2720000000.0,2.3063927033322424,1.2646135947446695,252,126,0,243.5023956,0.016529606099901173
2024-11-22,0.0,0.0,0.2996561111111112,0.25272333333333336,243.6100006,249.1499939,243.0299988,248.5500031,7997300.0,247.272934,0.015365942,0.3235927838604994,0.024869941,0.1768593371198485,0.052946972,-0.050439361,1.94e-09,1.533480006,5.462118,0.0248689308414466,0,246.9099986,246.9099986,133.6745566056023,1.2646135947446695,1987728939.79163,1.921391219536593e-09,7.730401108719977e-12,0.0029401838235294,2720000000.0,2.264052552994618,1.2646135947446695,252,126,0,247.272934,0.015484604948995395
2024-11-25,0.5,0.0,0.49368333333333336,0.3754208333333333,249.5899963,254.3099976,249.0599976,250.2899933,10295400.0,249.0039825,0.020134849,0.2014695647931378,0.029225367,0.1549831170405787,0.065055566,0.173719362,6.8e-10,-0.337711545,5.31311,0.020859407791734,0,251.21999616666668,251.21999616666668,133.73733467492744,1.2646135947446695,2576835597.02082,6.776004817685566e-10,2.707261576200445e-12,0.0037850735294117,2720000000.0,2.248067903353335,1.2646135947446695,252,126,0,249.0039825,0.007000557934092377
2024-11-26,0.0,0.0,0.18372,0.19884,250.4900055,251.0,248.3399963,249.9700012,6212100.0,248.6856232,-0.001279349,0.3199857666949337,0.010630235,0.1719557680034069,0.052946972,-0.373264016,2.06e-10,-1.043964966,5.058505,0.0106540782621462,0,249.76999916666668,249.76999916666668,133.77471453914129,1.2646135947446695,1552838644.45452,2.059446885916196e-10,8.238776157257528e-13,0.0022838602941176,2720000000.0,2.251946294160305,1.2646135947446695,252,126,0,248.6856232,-0.0012785309568291714
2024-11-29,0.0,0.5,0.207485,0.2496375,249.8600006,251.7700043,249.4499969,249.7200012,5494800.0,248.4369202,-0.000280216,0.3191253447660281,0.009287831,0.1709831082425182,0.052946972,-0.310337205,5.1e-11,-1.27457377,4.540867,0.0092574414207156,0,250.3133341333333,250.3133341333333,133.84084408439486,1.2646135947446695,1372161462.59376,5.0996578583387926e-11,2.0421503419161417e-13,0.0020201470588235,2720000000.0,2.2496267536478696,1.2646135947446695,252,126,0,248.4369202,-0.00028017692539972217
2024-12-02,0.0,-0.5,0.2272625,0.24706,249.5500031,250.25,245.0299988,246.25,8899700.0,244.9847412,-0.013993043,0.3162694572147185,0.021056883,0.1662221104197937,0.052946972,0.259049988,1.56e-09,0.97510793,4.664733,0.0210789905211088,0,247.17666626666664,247.17666626666664,133.893097463052,1.2646135947446695,2191551125.0,1.5723050215175791e-09,6.384995011238901e-12,0.0032719485294117,2720000000.0,2.2450697868631257,1.2646135947446695,252,126,0,244.9847412,-0.013895595699789265
2024-12-03,0.5,0.5,0.615425,0.27714,248.2299957,249.0399933,244.6300049,244.8200073,6657700.0,243.5621033,0.013891868,0.1973850116112282,0.017078216,0.1536455518284208,0.065055566,0.078654734,8.72e-10,-0.051340319,4.611875,0.0178661389838537,0,246.16333516666668,246.16333516666668,133.93180637022652,1.2646135947446695,1629938162.60121,8.74772669240128e-10,3.573125737914836e-12,0.0024476838235294,2720000000.0,2.2223804205594666,1.2646135947446695,252,126,0,243.5621033,-0.005807046973748453
2024-12-04,0.0,0.0,0.48264999999999997,0.30953333333333327,244.6999969,245.3500061,242.2299957,243.3999939,7346300.0,242.1493835,-0.005817131,0.2935463286009597,0.012784308,0.1264518103698461,0.043231867,0.102422312,7.9e-10,-0.17449747,4.543367,0.0127979424442424,0,243.65999856666667,243.65999856666667,133.97353592365798,1.2646135947446695,1788089375.18757,7.918450104134051e-10,3.2532663527458097e-12,0.0027008455882352,2720000000.0,2.212023931420616,1.2646135947446695,252,126,0,242.1493835,-0.0058002447049815276
2024-12-09,1.0,1.0,0.5764,0.38316666666666666,247.1300049,247.8699951,243.7599945,243.8099976,7076500.0,242.5572815,0.011393295,0.1970355348278755,0.010964295,0.1536455518284208,0.065055566,0.130403168,2.03e-09,1.670253439,4.898786,0.0167198937694748,0,245.1466624,245.1466624,134.08438197353857,1.2646135947446695,1725321448.0164,2.0427481099413552e-09,8.378442763010613e-12,0.0026016544117647,2720000000.0,2.23558033330888,1.2646135947446695,252,126,0,242.5572815,-0.014351527283610999
2024-12-10,0.5,0.5,0.35250000000000004,0.45215000000000005,243.8899994,247.9600067,242.2200012,242.8600006,9108300.0,241.6121674,-0.003904068,0.2930938254489437,0.023585025,0.1279670413140356,0.043231867,0.317769836,4.28e-10,-0.713328626,4.725451,0.0234199902382432,0,244.3466695,244.3466695,134.13629614299256,1.2646135947446695,2212041743.46498,4.286275155627285e-10,1.7649160607089634e-12,0.0033486397058823,2720000000.0,2.2179562140740527,1.2646135947446695,252,126,0,241.6121674,-0.003896457340531234
2024-12-11,0.0,1.0,0.201175,0.19385,244.0,244.2700043,242.1799927,243.5299988,7884400.0,242.278717,0.00275496,0.2929791130036484,0.008573879,0.1279670413140356,0.043231867,0.109131731,3.5e-10,-0.829346902,4.543076,0.0085929144326831,0,243.3266652666667,243.3266652666667,134.18077950512605,1.2646135947446695,1920087922.53872,3.494191060828979e-10,1.4348092957938201e-12,0.0028986764705882,2720000000.0,2.2204709438362564,1.2646135947446695,252,126,0,242.278717,0.002758758415078111
2024-12-12,-1.0,-1.0,0.39999999999999997,0.398425,243.0,244.1000061,241.0399933,241.5299988,6113800.0,240.2889862,-0.008246479,0.2929779674995354,0.01263085,0.1279650527064048,0.043231867,-0.190556419,1.34e-09,0.650291633,4.615566,0.0126149680660613,0,242.2233327333333,242.2233327333333,134.21489985796697,1.2646135947446695,1476666106.66344,1.3488303510091923e-09,5.584525142676365e-12,0.0022477205882352,2720000000.0,2.2239390258575007,1.2646135947446695,252,126,0,240.2889862,-0.008212569492845656
2024-12-16,0.16666666666666666,0.16666666666666666,0.8059277777777778,0.46152777777777776,240.6100006,240.6699982,237.5200043,239.5800018,9032000.0,238.3490143,-0.001501519,0.2926903290518571,0.013119781,0.1287157292840589,0.043231867,0.07554663,1.66e-10,-1.103088198,4.352865,0.0131746539389434,0,239.2566681,239.2566681,134.32091054780443,1.2646135947446695,2163886576.2576,1.6624435341009742e-10,6.93899124138405e-13,0.0033205882352941,2720000000.0,2.205730569339477,1.2646135947446695,252,126,0,238.3490143,-0.0015003918906186797
2024-12-18,0.0,0.0,0.30296666666666666,0.2306,239.0,239.0700073,229.5299988,230.3699951,11322400.0,229.1863251,-0.034095479,0.3021544524731654,0.04065027,0.1468322612808338,0.043816952,0.297893837,2.96e-09,3.059232842,4.836646,0.0407170651976651,0,232.9900004,232.9900004,134.42170815295557,1.2646135947446695,2608341232.5202403,3.011329665088673e-09,1.3071709550462516e-11,0.0041626470588235,2720000000.0,2.166765233587452,1.2646135947446695,252,126,0,229.1863251,-0.03352077831906142
2024-12-19,1.0,1.0,0.48967499999999997,0.34805833333333336,232.2700043,236.3600006,232.2700043,232.9600067,11790800.0,231.763031,0.006139234,0.2262085740498133,0.007288508,0.1819357724586096,0.066092934,-0.040748782,9.54e-10,0.069750417,4.812378,0.017455119208053,0,233.8633372,233.8633372,134.48211481370095,1.2646135947446695,2746784846.99836,9.48206398208773e-10,4.070253996128396e-12,0.0043348529411764,2720000000.0,2.240157032479919,1.2646135947446695,252,126,0,231.763031,0.01124284312720536
2024-12-23,-1.0,-1.0,0.48843333333333333,0.49026666666666663,236.0700073,238.6199951,234.8800049,238.3899994,8611500.0,237.1651306,0.003319373,0.304369154468978,0.01576525,0.1461458455834395,0.043816952,-0.612358583,3.86e-10,-0.775430596,4.517144,0.015797213093981,0,237.29666646666664,237.29666646666664,134.6966867930062,1.2646135947446695,2052895479.8331,3.8545816640538816e-10,1.6169225528568385e-12,0.0031659926470588,2720000000.0,2.1771001399715417,1.2646135947446695,252,126,0,237.1651306,0.0033248881992771206
